county,event,level,date,chance_pct,risk,val1,thr1
Bristol,Cold,Extreme,2026-09-06,0.0,Low,14.11,-13.85
Bristol,Cold,Extreme,2026-09-07,0.0,Low,11.84,-13.85
Bristol,Cold,Extreme,2026-09-08,0.0,Low,13.96,-13.85
Bristol,Cold,Extreme,2026-09-09,0.0,Low,17.35,-13.85
Bristol,Cold,Extreme,2026-09-10,0.0,Low,20.67,-13.85
Bristol,Cold,Extreme,2026-09-11,0.0,Low,16.14,-13.85
Bristol,Cold,Extreme,2026-09-12,0.0,Low,13.08,-13.85
Bristol,Cold,Extreme,2026-09-13,0.0,Low,14.38,-13.85
Bristol,Cold,Extreme,2026-09-14,0.0,Low,14.28,-13.85
Bristol,Cold,Extreme,2026-09-15,0.0,Low,14.79,-13.85
Bristol,Cold,Extreme,2026-09-16,0.0,Low,15.02,-13.85
Bristol,Cold,Extreme,2026-09-17,0.0,Low,13.54,-13.85
Bristol,Cold,Extreme,2026-09-18,0.0,Low,12.52,-13.85
Bristol,Cold,Extreme,2026-09-19,0.0,Low,12.65,-13.85
Bristol,Cold,Extreme,2026-09-20,0.0,Low,12.73,-13.85
Bristol,Cold,Extreme,2026-09-21,0.0,Low,12.18,-13.85
Bristol,Cold,Extreme,2026-09-22,0.0,Low,12.01,-13.85
Bristol,Cold,Extreme,2026-09-23,0.0,Low,11.41,-13.85
Bristol,Cold,Extreme,2026-09-24,0.0,Low,12.44,-13.85
Bristol,Cold,Extreme,2026-09-25,0.0,Low,12.2,-13.85
Bristol,Cold,Extreme,2026-09-26,0.0,Low,12.06,-13.85
Bristol,Cold,Extreme,2026-09-27,0.0,Low,11.2,-13.85
Bristol,Cold,Extreme,2026-09-28,0.0,Low,12.3,-13.85
Bristol,Cold,Extreme,2026-09-29,0.0,Low,12.54,-13.85
Bristol,Cold,Extreme,2026-09-30,0.0,Low,12.05,-13.85
Bristol,Cold,Extreme,2026-10-01,0.0,Low,11.72,-13.85
Bristol,Cold,Extreme,2026-10-02,0.0,Low,9.61,-13.85
Bristol,Cold,Extreme,2026-10-03,0.0,Low,9.65,-13.85
Bristol,Cold,Extreme,2026-10-04,0.0,Low,9.96,-13.85
Bristol,Cold,Extreme,2026-10-05,0.0,Low,8.95,-13.85
Kent,Cold,Extreme,2026-09-06,0.0,Low,13.09,-15.52
Kent,Cold,Extreme,2026-09-07,0.0,Low,10.46,-15.52
Kent,Cold,Extreme,2026-09-08,0.0,Low,12.64,-15.52
Kent,Cold,Extreme,2026-09-09,0.0,Low,16.29,-15.52
Kent,Cold,Extreme,2026-09-10,0.0,Low,19.3,-15.52
Kent,Cold,Extreme,2026-09-11,0.0,Low,14.92,-15.52
Kent,Cold,Extreme,2026-09-12,0.0,Low,11.84,-15.52
Kent,Cold,Extreme,2026-09-13,0.0,Low,13.15,-15.52
Kent,Cold,Extreme,2026-09-14,0.0,Low,13.23,-15.52
Kent,Cold,Extreme,2026-09-15,0.0,Low,13.7,-15.52
Kent,Cold,Extreme,2026-09-16,0.0,Low,13.67,-15.52
Kent,Cold,Extreme,2026-09-17,0.0,Low,12.19,-15.52
Kent,Cold,Extreme,2026-09-18,0.0,Low,11.12,-15.52
Kent,Cold,Extreme,2026-09-19,0.0,Low,11.35,-15.52
Kent,Cold,Extreme,2026-09-20,0.0,Low,11.28,-15.52
Kent,Cold,Extreme,2026-09-21,0.0,Low,10.88,-15.52
Kent,Cold,Extreme,2026-09-22,0.0,Low,10.65,-15.52
Kent,Cold,Extreme,2026-09-23,0.0,Low,10.02,-15.52
Kent,Cold,Extreme,2026-09-24,0.0,Low,11.08,-15.52
Kent,Cold,Extreme,2026-09-25,0.0,Low,10.79,-15.52
Kent,Cold,Extreme,2026-09-26,0.0,Low,10.66,-15.52
Kent,Cold,Extreme,2026-09-27,0.0,Low,9.94,-15.52
Kent,Cold,Extreme,2026-09-28,0.0,Low,10.94,-15.52
Kent,Cold,Extreme,2026-09-29,0.0,Low,11.21,-15.52
Kent,Cold,Extreme,2026-09-30,0.0,Low,10.72,-15.52
Kent,Cold,Extreme,2026-10-01,0.0,Low,10.34,-15.52
Kent,Cold,Extreme,2026-10-02,0.0,Low,8.18,-15.52
Kent,Cold,Extreme,2026-10-03,0.0,Low,8.23,-15.52
Kent,Cold,Extreme,2026-10-04,0.0,Low,8.48,-15.52
Kent,Cold,Extreme,2026-10-05,0.0,Low,7.5,-15.52
Newport,Cold,Extreme,2026-09-06,0.0,Low,14.58,-13.13
Newport,Cold,Extreme,2026-09-07,0.0,Low,12.5,-13.13
Newport,Cold,Extreme,2026-09-08,0.0,Low,14.72,-13.13
Newport,Cold,Extreme,2026-09-09,0.0,Low,17.86,-13.13
Newport,Cold,Extreme,2026-09-10,0.0,Low,20.88,-13.13
Newport,Cold,Extreme,2026-09-11,0.0,Low,16.56,-13.13
Newport,Cold,Extreme,2026-09-12,0.0,Low,13.73,-13.13
Newport,Cold,Extreme,2026-09-13,0.0,Low,14.87,-13.13
Newport,Cold,Extreme,2026-09-14,0.0,Low,14.81,-13.13
Newport,Cold,Extreme,2026-09-15,0.0,Low,15.32,-13.13
Newport,Cold,Extreme,2026-09-16,0.0,Low,15.41,-13.13
Newport,Cold,Extreme,2026-09-17,0.0,Low,13.99,-13.13
Newport,Cold,Extreme,2026-09-18,0.0,Low,12.92,-13.13
Newport,Cold,Extreme,2026-09-19,0.0,Low,13.07,-13.13
Newport,Cold,Extreme,2026-09-20,0.0,Low,13.12,-13.13
Newport,Cold,Extreme,2026-09-21,0.0,Low,12.73,-13.13
Newport,Cold,Extreme,2026-09-22,0.0,Low,12.57,-13.13
Newport,Cold,Extreme,2026-09-23,0.0,Low,11.97,-13.13
Newport,Cold,Extreme,2026-09-24,0.0,Low,12.84,-13.13
Newport,Cold,Extreme,2026-09-25,0.0,Low,12.67,-13.13
Newport,Cold,Extreme,2026-09-26,0.0,Low,12.5,-13.13
Newport,Cold,Extreme,2026-09-27,0.0,Low,11.79,-13.13
Newport,Cold,Extreme,2026-09-28,0.0,Low,12.73,-13.13
Newport,Cold,Extreme,2026-09-29,0.0,Low,12.91,-13.13
Newport,Cold,Extreme,2026-09-30,0.0,Low,12.48,-13.13
Newport,Cold,Extreme,2026-10-01,0.0,Low,12.22,-13.13
Newport,Cold,Extreme,2026-10-02,0.0,Low,10.46,-13.13
Newport,Cold,Extreme,2026-10-03,0.0,Low,10.43,-13.13
Newport,Cold,Extreme,2026-10-04,0.0,Low,10.76,-13.13
Newport,Cold,Extreme,2026-10-05,0.0,Low,9.75,-13.13
Providence,Cold,Extreme,2026-09-06,0.0,Low,12.96,-15.91
Providence,Cold,Extreme,2026-09-07,0.0,Low,10.2,-15.91
Providence,Cold,Extreme,2026-09-08,0.0,Low,12.4,-15.91
Providence,Cold,Extreme,2026-09-09,0.0,Low,15.98,-15.91
Providence,Cold,Extreme,2026-09-10,0.0,Low,19.33,-15.91
Providence,Cold,Extreme,2026-09-11,0.0,Low,14.71,-15.91
Providence,Cold,Extreme,2026-09-12,0.0,Low,11.58,-15.91
Providence,Cold,Extreme,2026-09-13,0.0,Low,13.01,-15.91
Providence,Cold,Extreme,2026-09-14,0.0,Low,13.11,-15.91
Providence,Cold,Extreme,2026-09-15,0.0,Low,13.52,-15.91
Providence,Cold,Extreme,2026-09-16,0.0,Low,13.56,-15.91
Providence,Cold,Extreme,2026-09-17,0.0,Low,11.94,-15.91
Providence,Cold,Extreme,2026-09-18,0.0,Low,10.85,-15.91
Providence,Cold,Extreme,2026-09-19,0.0,Low,11.08,-15.91
Providence,Cold,Extreme,2026-09-20,0.0,Low,10.97,-15.91
Providence,Cold,Extreme,2026-09-21,0.0,Low,10.58,-15.91
Providence,Cold,Extreme,2026-09-22,0.0,Low,10.38,-15.91
Providence,Cold,Extreme,2026-09-23,0.0,Low,9.89,-15.91
Providence,Cold,Extreme,2026-09-24,0.0,Low,10.97,-15.91
Providence,Cold,Extreme,2026-09-25,0.0,Low,10.58,-15.91
Providence,Cold,Extreme,2026-09-26,0.0,Low,10.44,-15.91
Providence,Cold,Extreme,2026-09-27,0.0,Low,9.68,-15.91
Providence,Cold,Extreme,2026-09-28,0.0,Low,10.65,-15.91
Providence,Cold,Extreme,2026-09-29,0.0,Low,11.03,-15.91
Providence,Cold,Extreme,2026-09-30,0.0,Low,10.51,-15.91
Providence,Cold,Extreme,2026-10-01,0.0,Low,10.1,-15.91
Providence,Cold,Extreme,2026-10-02,0.0,Low,7.92,-15.91
Providence,Cold,Extreme,2026-10-03,0.0,Low,8.15,-15.91
Providence,Cold,Extreme,2026-10-04,0.0,Low,8.44,-15.91
Providence,Cold,Extreme,2026-10-05,0.0,Low,7.34,-15.91
Washington,Cold,Extreme,2026-09-06,0.0,Low,13.54,-14.61
Washington,Cold,Extreme,2026-09-07,0.0,Low,11.09,-14.61
Washington,Cold,Extreme,2026-09-08,0.0,Low,13.31,-14.61
Washington,Cold,Extreme,2026-09-09,0.0,Low,16.77,-14.61
Washington,Cold,Extreme,2026-09-10,0.0,Low,19.55,-14.61
Washington,Cold,Extreme,2026-09-11,0.0,Low,15.34,-14.61
Washington,Cold,Extreme,2026-09-12,0.0,Low,12.42,-14.61
Washington,Cold,Extreme,2026-09-13,0.0,Low,13.64,-14.61
Washington,Cold,Extreme,2026-09-14,0.0,Low,13.72,-14.61
Washington,Cold,Extreme,2026-09-15,0.0,Low,14.15,-14.61
Washington,Cold,Extreme,2026-09-16,0.0,Low,14.04,-14.61
Washington,Cold,Extreme,2026-09-17,0.0,Low,12.62,-14.61
Washington,Cold,Extreme,2026-09-18,0.0,Low,11.57,-14.61
Washington,Cold,Extreme,2026-09-19,0.0,Low,11.72,-14.61
Washington,Cold,Extreme,2026-09-20,0.0,Low,11.72,-14.61
Washington,Cold,Extreme,2026-09-21,0.0,Low,11.38,-14.61
Washington,Cold,Extreme,2026-09-22,0.0,Low,11.12,-14.61
Washington,Cold,Extreme,2026-09-23,0.0,Low,10.48,-14.61
Washington,Cold,Extreme,2026-09-24,0.0,Low,11.5,-14.61
Washington,Cold,Extreme,2026-09-25,0.0,Low,11.25,-14.61
Washington,Cold,Extreme,2026-09-26,0.0,Low,11.1,-14.61
Washington,Cold,Extreme,2026-09-27,0.0,Low,10.52,-14.61
Washington,Cold,Extreme,2026-09-28,0.0,Low,11.37,-14.61
Washington,Cold,Extreme,2026-09-29,0.0,Low,11.59,-14.61
Washington,Cold,Extreme,2026-09-30,0.0,Low,11.14,-14.61
Washington,Cold,Extreme,2026-10-01,0.0,Low,10.81,-14.61
Washington,Cold,Extreme,2026-10-02,0.0,Low,8.99,-14.61
Washington,Cold,Extreme,2026-10-03,0.0,Low,8.84,-14.61
Washington,Cold,Extreme,2026-10-04,0.0,Low,9.1,-14.61
Washington,Cold,Extreme,2026-10-05,0.0,Low,8.18,-14.61
Bristol,Cold,Notable,2026-09-06,0.0,Low,14.11,-8.45
Bristol,Cold,Notable,2026-09-07,0.0,Low,11.84,-8.45
Bristol,Cold,Notable,2026-09-08,0.0,Low,13.96,-8.45
Bristol,Cold,Notable,2026-09-09,0.0,Low,17.35,-8.45
Bristol,Cold,Notable,2026-09-10,0.0,Low,20.67,-8.45
Bristol,Cold,Notable,2026-09-11,0.0,Low,16.14,-8.45
Bristol,Cold,Notable,2026-09-12,0.0,Low,13.08,-8.45
Bristol,Cold,Notable,2026-09-13,0.0,Low,14.38,-8.45
Bristol,Cold,Notable,2026-09-14,0.0,Low,14.28,-8.45
Bristol,Cold,Notable,2026-09-15,0.0,Low,14.79,-8.45
Bristol,Cold,Notable,2026-09-16,0.0,Low,15.02,-8.45
Bristol,Cold,Notable,2026-09-17,0.0,Low,13.54,-8.45
Bristol,Cold,Notable,2026-09-18,0.0,Low,12.52,-8.45
Bristol,Cold,Notable,2026-09-19,0.0,Low,12.65,-8.45
Bristol,Cold,Notable,2026-09-20,0.0,Low,12.73,-8.45
Bristol,Cold,Notable,2026-09-21,0.0,Low,12.18,-8.45
Bristol,Cold,Notable,2026-09-22,0.0,Low,12.01,-8.45
Bristol,Cold,Notable,2026-09-23,0.0,Low,11.41,-8.45
Bristol,Cold,Notable,2026-09-24,0.0,Low,12.44,-8.45
Bristol,Cold,Notable,2026-09-25,0.0,Low,12.2,-8.45
Bristol,Cold,Notable,2026-09-26,0.0,Low,12.06,-8.45
Bristol,Cold,Notable,2026-09-27,0.0,Low,11.2,-8.45
Bristol,Cold,Notable,2026-09-28,0.0,Low,12.3,-8.45
Bristol,Cold,Notable,2026-09-29,0.0,Low,12.54,-8.45
Bristol,Cold,Notable,2026-09-30,0.0,Low,12.05,-8.45
Bristol,Cold,Notable,2026-10-01,0.0,Low,11.72,-8.45
Bristol,Cold,Notable,2026-10-02,0.0,Low,9.61,-8.45
Bristol,Cold,Notable,2026-10-03,0.0,Low,9.65,-8.45
Bristol,Cold,Notable,2026-10-04,0.0,Low,9.96,-8.45
Bristol,Cold,Notable,2026-10-05,0.0,Low,8.95,-8.45
Kent,Cold,Notable,2026-09-06,0.0,Low,13.09,-10.0
Kent,Cold,Notable,2026-09-07,0.0,Low,10.46,-10.0
Kent,Cold,Notable,2026-09-08,0.0,Low,12.64,-10.0
Kent,Cold,Notable,2026-09-09,0.0,Low,16.29,-10.0
Kent,Cold,Notable,2026-09-10,0.0,Low,19.3,-10.0
Kent,Cold,Notable,2026-09-11,0.0,Low,14.92,-10.0
Kent,Cold,Notable,2026-09-12,0.0,Low,11.84,-10.0
Kent,Cold,Notable,2026-09-13,0.0,Low,13.15,-10.0
Kent,Cold,Notable,2026-09-14,0.0,Low,13.23,-10.0
Kent,Cold,Notable,2026-09-15,0.0,Low,13.7,-10.0
Kent,Cold,Notable,2026-09-16,0.0,Low,13.67,-10.0
Kent,Cold,Notable,2026-09-17,0.0,Low,12.19,-10.0
Kent,Cold,Notable,2026-09-18,0.0,Low,11.12,-10.0
Kent,Cold,Notable,2026-09-19,0.0,Low,11.35,-10.0
Kent,Cold,Notable,2026-09-20,0.0,Low,11.28,-10.0
Kent,Cold,Notable,2026-09-21,0.0,Low,10.88,-10.0
Kent,Cold,Notable,2026-09-22,0.0,Low,10.65,-10.0
Kent,Cold,Notable,2026-09-23,0.0,Low,10.02,-10.0
Kent,Cold,Notable,2026-09-24,0.0,Low,11.08,-10.0
Kent,Cold,Notable,2026-09-25,0.0,Low,10.79,-10.0
Kent,Cold,Notable,2026-09-26,0.0,Low,10.66,-10.0
Kent,Cold,Notable,2026-09-27,0.0,Low,9.94,-10.0
Kent,Cold,Notable,2026-09-28,0.0,Low,10.94,-10.0
Kent,Cold,Notable,2026-09-29,0.0,Low,11.21,-10.0
Kent,Cold,Notable,2026-09-30,0.0,Low,10.72,-10.0
Kent,Cold,Notable,2026-10-01,0.0,Low,10.34,-10.0
Kent,Cold,Notable,2026-10-02,0.0,Low,8.18,-10.0
Kent,Cold,Notable,2026-10-03,0.0,Low,8.23,-10.0
Kent,Cold,Notable,2026-10-04,0.0,Low,8.48,-10.0
Kent,Cold,Notable,2026-10-05,0.0,Low,7.5,-10.0
Newport,Cold,Notable,2026-09-06,0.0,Low,14.58,-7.9
Newport,Cold,Notable,2026-09-07,0.0,Low,12.5,-7.9
Newport,Cold,Notable,2026-09-08,0.0,Low,14.72,-7.9
Newport,Cold,Notable,2026-09-09,0.0,Low,17.86,-7.9
Newport,Cold,Notable,2026-09-10,0.0,Low,20.88,-7.9
Newport,Cold,Notable,2026-09-11,0.0,Low,16.56,-7.9
Newport,Cold,Notable,2026-09-12,0.0,Low,13.73,-7.9
Newport,Cold,Notable,2026-09-13,0.0,Low,14.87,-7.9
Newport,Cold,Notable,2026-09-14,0.0,Low,14.81,-7.9
Newport,Cold,Notable,2026-09-15,0.0,Low,15.32,-7.9
Newport,Cold,Notable,2026-09-16,0.0,Low,15.41,-7.9
Newport,Cold,Notable,2026-09-17,0.0,Low,13.99,-7.9
Newport,Cold,Notable,2026-09-18,0.0,Low,12.92,-7.9
Newport,Cold,Notable,2026-09-19,0.0,Low,13.07,-7.9
Newport,Cold,Notable,2026-09-20,0.0,Low,13.12,-7.9
Newport,Cold,Notable,2026-09-21,0.0,Low,12.73,-7.9
Newport,Cold,Notable,2026-09-22,0.0,Low,12.57,-7.9
Newport,Cold,Notable,2026-09-23,0.0,Low,11.97,-7.9
Newport,Cold,Notable,2026-09-24,0.0,Low,12.84,-7.9
Newport,Cold,Notable,2026-09-25,0.0,Low,12.67,-7.9
Newport,Cold,Notable,2026-09-26,0.0,Low,12.5,-7.9
Newport,Cold,Notable,2026-09-27,0.0,Low,11.79,-7.9
Newport,Cold,Notable,2026-09-28,0.0,Low,12.73,-7.9
Newport,Cold,Notable,2026-09-29,0.0,Low,12.91,-7.9
Newport,Cold,Notable,2026-09-30,0.0,Low,12.48,-7.9
Newport,Cold,Notable,2026-10-01,0.0,Low,12.22,-7.9
Newport,Cold,Notable,2026-10-02,0.0,Low,10.46,-7.9
Newport,Cold,Notable,2026-10-03,0.0,Low,10.43,-7.9
Newport,Cold,Notable,2026-10-04,0.0,Low,10.76,-7.9
Newport,Cold,Notable,2026-10-05,0.0,Low,9.75,-7.9
Providence,Cold,Notable,2026-09-06,0.0,Low,12.96,-10.47
Providence,Cold,Notable,2026-09-07,0.0,Low,10.2,-10.47
Providence,Cold,Notable,2026-09-08,0.0,Low,12.4,-10.47
Providence,Cold,Notable,2026-09-09,0.0,Low,15.98,-10.47
Providence,Cold,Notable,2026-09-10,0.0,Low,19.33,-10.47
Providence,Cold,Notable,2026-09-11,0.0,Low,14.71,-10.47
Providence,Cold,Notable,2026-09-12,0.0,Low,11.58,-10.47
Providence,Cold,Notable,2026-09-13,0.0,Low,13.01,-10.47
Providence,Cold,Notable,2026-09-14,0.0,Low,13.11,-10.47
Providence,Cold,Notable,2026-09-15,0.0,Low,13.52,-10.47
Providence,Cold,Notable,2026-09-16,0.0,Low,13.56,-10.47
Providence,Cold,Notable,2026-09-17,0.0,Low,11.94,-10.47
Providence,Cold,Notable,2026-09-18,0.0,Low,10.85,-10.47
Providence,Cold,Notable,2026-09-19,0.0,Low,11.08,-10.47
Providence,Cold,Notable,2026-09-20,0.0,Low,10.97,-10.47
Providence,Cold,Notable,2026-09-21,0.0,Low,10.58,-10.47
Providence,Cold,Notable,2026-09-22,0.0,Low,10.38,-10.47
Providence,Cold,Notable,2026-09-23,0.0,Low,9.89,-10.47
Providence,Cold,Notable,2026-09-24,0.0,Low,10.97,-10.47
Providence,Cold,Notable,2026-09-25,0.0,Low,10.58,-10.47
Providence,Cold,Notable,2026-09-26,0.0,Low,10.44,-10.47
Providence,Cold,Notable,2026-09-27,0.0,Low,9.68,-10.47
Providence,Cold,Notable,2026-09-28,0.0,Low,10.65,-10.47
Providence,Cold,Notable,2026-09-29,0.0,Low,11.03,-10.47
Providence,Cold,Notable,2026-09-30,0.0,Low,10.51,-10.47
Providence,Cold,Notable,2026-10-01,0.0,Low,10.1,-10.47
Providence,Cold,Notable,2026-10-02,0.0,Low,7.92,-10.47
Providence,Cold,Notable,2026-10-03,0.0,Low,8.15,-10.47
Providence,Cold,Notable,2026-10-04,0.0,Low,8.44,-10.47
Providence,Cold,Notable,2026-10-05,0.0,Low,7.34,-10.47
Washington,Cold,Notable,2026-09-06,0.0,Low,13.54,-9.1
Washington,Cold,Notable,2026-09-07,0.0,Low,11.09,-9.1
Washington,Cold,Notable,2026-09-08,0.0,Low,13.31,-9.1
Washington,Cold,Notable,2026-09-09,0.0,Low,16.77,-9.1
Washington,Cold,Notable,2026-09-10,0.0,Low,19.55,-9.1
Washington,Cold,Notable,2026-09-11,0.0,Low,15.34,-9.1
Washington,Cold,Notable,2026-09-12,0.0,Low,12.42,-9.1
Washington,Cold,Notable,2026-09-13,0.0,Low,13.64,-9.1
Washington,Cold,Notable,2026-09-14,0.0,Low,13.72,-9.1
Washington,Cold,Notable,2026-09-15,0.0,Low,14.15,-9.1
Washington,Cold,Notable,2026-09-16,0.0,Low,14.04,-9.1
Washington,Cold,Notable,2026-09-17,0.0,Low,12.62,-9.1
Washington,Cold,Notable,2026-09-18,0.0,Low,11.57,-9.1
Washington,Cold,Notable,2026-09-19,0.0,Low,11.72,-9.1
Washington,Cold,Notable,2026-09-20,0.0,Low,11.72,-9.1
Washington,Cold,Notable,2026-09-21,0.0,Low,11.38,-9.1
Washington,Cold,Notable,2026-09-22,0.0,Low,11.12,-9.1
Washington,Cold,Notable,2026-09-23,0.0,Low,10.48,-9.1
Washington,Cold,Notable,2026-09-24,0.0,Low,11.5,-9.1
Washington,Cold,Notable,2026-09-25,0.0,Low,11.25,-9.1
Washington,Cold,Notable,2026-09-26,0.0,Low,11.1,-9.1
Washington,Cold,Notable,2026-09-27,0.0,Low,10.52,-9.1
Washington,Cold,Notable,2026-09-28,0.0,Low,11.37,-9.1
Washington,Cold,Notable,2026-09-29,0.0,Low,11.59,-9.1
Washington,Cold,Notable,2026-09-30,0.0,Low,11.14,-9.1
Washington,Cold,Notable,2026-10-01,0.0,Low,10.81,-9.1
Washington,Cold,Notable,2026-10-02,0.0,Low,8.99,-9.1
Washington,Cold,Notable,2026-10-03,0.0,Low,8.84,-9.1
Washington,Cold,Notable,2026-10-04,0.0,Low,9.1,-9.1
Washington,Cold,Notable,2026-10-05,0.0,Low,8.18,-9.1
Bristol,Cold,Severe,2026-09-06,0.0,Low,14.11,-10.94
Bristol,Cold,Severe,2026-09-07,0.0,Low,11.84,-10.94
Bristol,Cold,Severe,2026-09-08,0.0,Low,13.96,-10.94
Bristol,Cold,Severe,2026-09-09,0.0,Low,17.35,-10.94
Bristol,Cold,Severe,2026-09-10,0.0,Low,20.67,-10.94
Bristol,Cold,Severe,2026-09-11,0.0,Low,16.14,-10.94
Bristol,Cold,Severe,2026-09-12,0.0,Low,13.08,-10.94
Bristol,Cold,Severe,2026-09-13,0.0,Low,14.38,-10.94
Bristol,Cold,Severe,2026-09-14,0.0,Low,14.28,-10.94
Bristol,Cold,Severe,2026-09-15,0.0,Low,14.79,-10.94
Bristol,Cold,Severe,2026-09-16,0.0,Low,15.02,-10.94
Bristol,Cold,Severe,2026-09-17,0.0,Low,13.54,-10.94
Bristol,Cold,Severe,2026-09-18,0.0,Low,12.52,-10.94
Bristol,Cold,Severe,2026-09-19,0.0,Low,12.65,-10.94
Bristol,Cold,Severe,2026-09-20,0.0,Low,12.73,-10.94
Bristol,Cold,Severe,2026-09-21,0.0,Low,12.18,-10.94
Bristol,Cold,Severe,2026-09-22,0.0,Low,12.01,-10.94
Bristol,Cold,Severe,2026-09-23,0.0,Low,11.41,-10.94
Bristol,Cold,Severe,2026-09-24,0.0,Low,12.44,-10.94
Bristol,Cold,Severe,2026-09-25,0.0,Low,12.2,-10.94
Bristol,Cold,Severe,2026-09-26,0.0,Low,12.06,-10.94
Bristol,Cold,Severe,2026-09-27,0.0,Low,11.2,-10.94
Bristol,Cold,Severe,2026-09-28,0.0,Low,12.3,-10.94
Bristol,Cold,Severe,2026-09-29,0.0,Low,12.54,-10.94
Bristol,Cold,Severe,2026-09-30,0.0,Low,12.05,-10.94
Bristol,Cold,Severe,2026-10-01,0.0,Low,11.72,-10.94
Bristol,Cold,Severe,2026-10-02,0.0,Low,9.61,-10.94
Bristol,Cold,Severe,2026-10-03,0.0,Low,9.65,-10.94
Bristol,Cold,Severe,2026-10-04,0.0,Low,9.96,-10.94
Bristol,Cold,Severe,2026-10-05,0.0,Low,8.95,-10.94
Kent,Cold,Severe,2026-09-06,0.0,Low,13.09,-12.52
Kent,Cold,Severe,2026-09-07,0.0,Low,10.46,-12.52
Kent,Cold,Severe,2026-09-08,0.0,Low,12.64,-12.52
Kent,Cold,Severe,2026-09-09,0.0,Low,16.29,-12.52
Kent,Cold,Severe,2026-09-10,0.0,Low,19.3,-12.52
Kent,Cold,Severe,2026-09-11,0.0,Low,14.92,-12.52
Kent,Cold,Severe,2026-09-12,0.0,Low,11.84,-12.52
Kent,Cold,Severe,2026-09-13,0.0,Low,13.15,-12.52
Kent,Cold,Severe,2026-09-14,0.0,Low,13.23,-12.52
Kent,Cold,Severe,2026-09-15,0.0,Low,13.7,-12.52
Kent,Cold,Severe,2026-09-16,0.0,Low,13.67,-12.52
Kent,Cold,Severe,2026-09-17,0.0,Low,12.19,-12.52
Kent,Cold,Severe,2026-09-18,0.0,Low,11.12,-12.52
Kent,Cold,Severe,2026-09-19,0.0,Low,11.35,-12.52
Kent,Cold,Severe,2026-09-20,0.0,Low,11.28,-12.52
Kent,Cold,Severe,2026-09-21,0.0,Low,10.88,-12.52
Kent,Cold,Severe,2026-09-22,0.0,Low,10.65,-12.52
Kent,Cold,Severe,2026-09-23,0.0,Low,10.02,-12.52
Kent,Cold,Severe,2026-09-24,0.0,Low,11.08,-12.52
Kent,Cold,Severe,2026-09-25,0.0,Low,10.79,-12.52
Kent,Cold,Severe,2026-09-26,0.0,Low,10.66,-12.52
Kent,Cold,Severe,2026-09-27,0.0,Low,9.94,-12.52
Kent,Cold,Severe,2026-09-28,0.0,Low,10.94,-12.52
Kent,Cold,Severe,2026-09-29,0.0,Low,11.21,-12.52
Kent,Cold,Severe,2026-09-30,0.0,Low,10.72,-12.52
Kent,Cold,Severe,2026-10-01,0.0,Low,10.34,-12.52
Kent,Cold,Severe,2026-10-02,0.0,Low,8.18,-12.52
Kent,Cold,Severe,2026-10-03,0.0,Low,8.23,-12.52
Kent,Cold,Severe,2026-10-04,0.0,Low,8.48,-12.52
Kent,Cold,Severe,2026-10-05,0.0,Low,7.5,-12.52
Newport,Cold,Severe,2026-09-06,0.0,Low,14.58,-10.34
Newport,Cold,Severe,2026-09-07,0.0,Low,12.5,-10.34
Newport,Cold,Severe,2026-09-08,0.0,Low,14.72,-10.34
Newport,Cold,Severe,2026-09-09,0.0,Low,17.86,-10.34
Newport,Cold,Severe,2026-09-10,0.0,Low,20.88,-10.34
Newport,Cold,Severe,2026-09-11,0.0,Low,16.56,-10.34
Newport,Cold,Severe,2026-09-12,0.0,Low,13.73,-10.34
Newport,Cold,Severe,2026-09-13,0.0,Low,14.87,-10.34
Newport,Cold,Severe,2026-09-14,0.0,Low,14.81,-10.34
Newport,Cold,Severe,2026-09-15,0.0,Low,15.32,-10.34
Newport,Cold,Severe,2026-09-16,0.0,Low,15.41,-10.34
Newport,Cold,Severe,2026-09-17,0.0,Low,13.99,-10.34
Newport,Cold,Severe,2026-09-18,0.0,Low,12.92,-10.34
Newport,Cold,Severe,2026-09-19,0.0,Low,13.07,-10.34
Newport,Cold,Severe,2026-09-20,0.0,Low,13.12,-10.34
Newport,Cold,Severe,2026-09-21,0.0,Low,12.73,-10.34
Newport,Cold,Severe,2026-09-22,0.0,Low,12.57,-10.34
Newport,Cold,Severe,2026-09-23,0.0,Low,11.97,-10.34
Newport,Cold,Severe,2026-09-24,0.0,Low,12.84,-10.34
Newport,Cold,Severe,2026-09-25,0.0,Low,12.67,-10.34
Newport,Cold,Severe,2026-09-26,0.0,Low,12.5,-10.34
Newport,Cold,Severe,2026-09-27,0.0,Low,11.79,-10.34
Newport,Cold,Severe,2026-09-28,0.0,Low,12.73,-10.34
Newport,Cold,Severe,2026-09-29,0.0,Low,12.91,-10.34
Newport,Cold,Severe,2026-09-30,0.0,Low,12.48,-10.34
Newport,Cold,Severe,2026-10-01,0.0,Low,12.22,-10.34
Newport,Cold,Severe,2026-10-02,0.0,Low,10.46,-10.34
Newport,Cold,Severe,2026-10-03,0.0,Low,10.43,-10.34
Newport,Cold,Severe,2026-10-04,0.0,Low,10.76,-10.34
Newport,Cold,Severe,2026-10-05,0.0,Low,9.75,-10.34
Providence,Cold,Severe,2026-09-06,0.0,Low,12.96,-13.07
Providence,Cold,Severe,2026-09-07,0.0,Low,10.2,-13.07
Providence,Cold,Severe,2026-09-08,0.0,Low,12.4,-13.07
Providence,Cold,Severe,2026-09-09,0.0,Low,15.98,-13.07
Providence,Cold,Severe,2026-09-10,0.0,Low,19.33,-13.07
Providence,Cold,Severe,2026-09-11,0.0,Low,14.71,-13.07
Providence,Cold,Severe,2026-09-12,0.0,Low,11.58,-13.07
Providence,Cold,Severe,2026-09-13,0.0,Low,13.01,-13.07
Providence,Cold,Severe,2026-09-14,0.0,Low,13.11,-13.07
Providence,Cold,Severe,2026-09-15,0.0,Low,13.52,-13.07
Providence,Cold,Severe,2026-09-16,0.0,Low,13.56,-13.07
Providence,Cold,Severe,2026-09-17,0.0,Low,11.94,-13.07
Providence,Cold,Severe,2026-09-18,0.0,Low,10.85,-13.07
Providence,Cold,Severe,2026-09-19,0.0,Low,11.08,-13.07
Providence,Cold,Severe,2026-09-20,0.0,Low,10.97,-13.07
Providence,Cold,Severe,2026-09-21,0.0,Low,10.58,-13.07
Providence,Cold,Severe,2026-09-22,0.0,Low,10.38,-13.07
Providence,Cold,Severe,2026-09-23,0.0,Low,9.89,-13.07
Providence,Cold,Severe,2026-09-24,0.0,Low,10.97,-13.07
Providence,Cold,Severe,2026-09-25,0.0,Low,10.58,-13.07
Providence,Cold,Severe,2026-09-26,0.0,Low,10.44,-13.07
Providence,Cold,Severe,2026-09-27,0.0,Low,9.68,-13.07
Providence,Cold,Severe,2026-09-28,0.0,Low,10.65,-13.07
Providence,Cold,Severe,2026-09-29,0.0,Low,11.03,-13.07
Providence,Cold,Severe,2026-09-30,0.0,Low,10.51,-13.07
Providence,Cold,Severe,2026-10-01,0.0,Low,10.1,-13.07
Providence,Cold,Severe,2026-10-02,0.0,Low,7.92,-13.07
Providence,Cold,Severe,2026-10-03,0.0,Low,8.15,-13.07
Providence,Cold,Severe,2026-10-04,0.0,Low,8.44,-13.07
Providence,Cold,Severe,2026-10-05,0.0,Low,7.34,-13.07
Washington,Cold,Severe,2026-09-06,0.0,Low,13.54,-11.51
Washington,Cold,Severe,2026-09-07,0.0,Low,11.09,-11.51
Washington,Cold,Severe,2026-09-08,0.0,Low,13.31,-11.51
Washington,Cold,Severe,2026-09-09,0.0,Low,16.77,-11.51
Washington,Cold,Severe,2026-09-10,0.0,Low,19.55,-11.51
Washington,Cold,Severe,2026-09-11,0.0,Low,15.34,-11.51
Washington,Cold,Severe,2026-09-12,0.0,Low,12.42,-11.51
Washington,Cold,Severe,2026-09-13,0.0,Low,13.64,-11.51
Washington,Cold,Severe,2026-09-14,0.0,Low,13.72,-11.51
Washington,Cold,Severe,2026-09-15,0.0,Low,14.15,-11.51
Washington,Cold,Severe,2026-09-16,0.0,Low,14.04,-11.51
Washington,Cold,Severe,2026-09-17,0.0,Low,12.62,-11.51
Washington,Cold,Severe,2026-09-18,0.0,Low,11.57,-11.51
Washington,Cold,Severe,2026-09-19,0.0,Low,11.72,-11.51
Washington,Cold,Severe,2026-09-20,0.0,Low,11.72,-11.51
Washington,Cold,Severe,2026-09-21,0.0,Low,11.38,-11.51
Washington,Cold,Severe,2026-09-22,0.0,Low,11.12,-11.51
Washington,Cold,Severe,2026-09-23,0.0,Low,10.48,-11.51
Washington,Cold,Severe,2026-09-24,0.0,Low,11.5,-11.51
Washington,Cold,Severe,2026-09-25,0.0,Low,11.25,-11.51
Washington,Cold,Severe,2026-09-26,0.0,Low,11.1,-11.51
Washington,Cold,Severe,2026-09-27,0.0,Low,10.52,-11.51
Washington,Cold,Severe,2026-09-28,0.0,Low,11.37,-11.51
Washington,Cold,Severe,2026-09-29,0.0,Low,11.59,-11.51
Washington,Cold,Severe,2026-09-30,0.0,Low,11.14,-11.51
Washington,Cold,Severe,2026-10-01,0.0,Low,10.81,-11.51
Washington,Cold,Severe,2026-10-02,0.0,Low,8.99,-11.51
Washington,Cold,Severe,2026-10-03,0.0,Low,8.84,-11.51
Washington,Cold,Severe,2026-10-04,0.0,Low,9.1,-11.51
Washington,Cold,Severe,2026-10-05,0.0,Low,8.18,-11.51
Bristol,Cold & Wet,Extreme,2026-09-06,0.0,Low,14.11,-3.29
Bristol,Cold & Wet,Extreme,2026-09-07,0.0,Low,11.84,-3.29
Bristol,Cold & Wet,Extreme,2026-09-08,0.0,Low,13.96,-3.29
Bristol,Cold & Wet,Extreme,2026-09-09,0.0,Low,17.35,-3.29
Bristol,Cold & Wet,Extreme,2026-09-10,0.0,Low,20.67,-3.29
Bristol,Cold & Wet,Extreme,2026-09-11,0.0,Low,16.14,-3.29
Bristol,Cold & Wet,Extreme,2026-09-12,0.0,Low,13.08,-3.29
Bristol,Cold & Wet,Extreme,2026-09-13,0.0,Low,14.38,-3.29
Bristol,Cold & Wet,Extreme,2026-09-14,0.0,Low,14.28,-3.29
Bristol,Cold & Wet,Extreme,2026-09-15,0.0,Low,14.79,-3.29
Bristol,Cold & Wet,Extreme,2026-09-16,0.0,Low,15.02,-3.29
Bristol,Cold & Wet,Extreme,2026-09-17,0.0,Low,13.54,-3.29
Bristol,Cold & Wet,Extreme,2026-09-18,0.0,Low,12.52,-3.29
Bristol,Cold & Wet,Extreme,2026-09-19,0.0,Low,12.65,-3.29
Bristol,Cold & Wet,Extreme,2026-09-20,0.0,Low,12.73,-3.29
Bristol,Cold & Wet,Extreme,2026-09-21,0.0,Low,12.18,-3.29
Bristol,Cold & Wet,Extreme,2026-09-22,0.0,Low,12.01,-3.29
Bristol,Cold & Wet,Extreme,2026-09-23,0.0,Low,11.41,-3.29
Bristol,Cold & Wet,Extreme,2026-09-24,0.0,Low,12.44,-3.29
Bristol,Cold & Wet,Extreme,2026-09-25,0.0,Low,12.2,-3.29
Bristol,Cold & Wet,Extreme,2026-09-26,0.0,Low,12.06,-3.29
Bristol,Cold & Wet,Extreme,2026-09-27,0.0,Low,11.2,-3.29
Bristol,Cold & Wet,Extreme,2026-09-28,0.0,Low,12.3,-3.29
Bristol,Cold & Wet,Extreme,2026-09-29,0.0,Low,12.54,-3.29
Bristol,Cold & Wet,Extreme,2026-09-30,0.0,Low,12.05,-3.29
Bristol,Cold & Wet,Extreme,2026-10-01,0.0,Low,11.72,-3.29
Bristol,Cold & Wet,Extreme,2026-10-02,0.0,Low,9.61,-3.29
Bristol,Cold & Wet,Extreme,2026-10-03,0.0,Low,9.65,-3.29
Bristol,Cold & Wet,Extreme,2026-10-04,0.0,Low,9.96,-3.29
Bristol,Cold & Wet,Extreme,2026-10-05,0.0,Low,8.95,-3.29
Kent,Cold & Wet,Extreme,2026-09-06,0.0,Low,13.09,-5.11
Kent,Cold & Wet,Extreme,2026-09-07,0.0,Low,10.46,-5.11
Kent,Cold & Wet,Extreme,2026-09-08,0.0,Low,12.64,-5.11
Kent,Cold & Wet,Extreme,2026-09-09,0.0,Low,16.29,-5.11
Kent,Cold & Wet,Extreme,2026-09-10,0.0,Low,19.3,-5.11
Kent,Cold & Wet,Extreme,2026-09-11,0.0,Low,14.92,-5.11
Kent,Cold & Wet,Extreme,2026-09-12,0.0,Low,11.84,-5.11
Kent,Cold & Wet,Extreme,2026-09-13,0.0,Low,13.15,-5.11
Kent,Cold & Wet,Extreme,2026-09-14,0.0,Low,13.23,-5.11
Kent,Cold & Wet,Extreme,2026-09-15,0.0,Low,13.7,-5.11
Kent,Cold & Wet,Extreme,2026-09-16,0.0,Low,13.67,-5.11
Kent,Cold & Wet,Extreme,2026-09-17,0.0,Low,12.19,-5.11
Kent,Cold & Wet,Extreme,2026-09-18,0.0,Low,11.12,-5.11
Kent,Cold & Wet,Extreme,2026-09-19,0.0,Low,11.35,-5.11
Kent,Cold & Wet,Extreme,2026-09-20,0.0,Low,11.28,-5.11
Kent,Cold & Wet,Extreme,2026-09-21,0.0,Low,10.88,-5.11
Kent,Cold & Wet,Extreme,2026-09-22,0.0,Low,10.65,-5.11
Kent,Cold & Wet,Extreme,2026-09-23,0.0,Low,10.02,-5.11
Kent,Cold & Wet,Extreme,2026-09-24,0.0,Low,11.08,-5.11
Kent,Cold & Wet,Extreme,2026-09-25,0.0,Low,10.79,-5.11
Kent,Cold & Wet,Extreme,2026-09-26,0.0,Low,10.66,-5.11
Kent,Cold & Wet,Extreme,2026-09-27,0.0,Low,9.94,-5.11
Kent,Cold & Wet,Extreme,2026-09-28,0.0,Low,10.94,-5.11
Kent,Cold & Wet,Extreme,2026-09-29,0.0,Low,11.21,-5.11
Kent,Cold & Wet,Extreme,2026-09-30,0.0,Low,10.72,-5.11
Kent,Cold & Wet,Extreme,2026-10-01,0.0,Low,10.34,-5.11
Kent,Cold & Wet,Extreme,2026-10-02,0.0,Low,8.18,-5.11
Kent,Cold & Wet,Extreme,2026-10-03,0.0,Low,8.23,-5.11
Kent,Cold & Wet,Extreme,2026-10-04,0.0,Low,8.48,-5.11
Kent,Cold & Wet,Extreme,2026-10-05,0.0,Low,7.5,-5.11
Newport,Cold & Wet,Extreme,2026-09-06,0.0,Low,14.58,-1.66
Newport,Cold & Wet,Extreme,2026-09-07,0.0,Low,12.5,-1.66
Newport,Cold & Wet,Extreme,2026-09-08,0.0,Low,14.72,-1.66
Newport,Cold & Wet,Extreme,2026-09-09,0.0,Low,17.86,-1.66
Newport,Cold & Wet,Extreme,2026-09-10,0.0,Low,20.88,-1.66
Newport,Cold & Wet,Extreme,2026-09-11,0.0,Low,16.56,-1.66
Newport,Cold & Wet,Extreme,2026-09-12,0.0,Low,13.73,-1.66
Newport,Cold & Wet,Extreme,2026-09-13,0.0,Low,14.87,-1.66
Newport,Cold & Wet,Extreme,2026-09-14,0.0,Low,14.81,-1.66
Newport,Cold & Wet,Extreme,2026-09-15,0.0,Low,15.32,-1.66
Newport,Cold & Wet,Extreme,2026-09-16,0.0,Low,15.41,-1.66
Newport,Cold & Wet,Extreme,2026-09-17,0.0,Low,13.99,-1.66
Newport,Cold & Wet,Extreme,2026-09-18,0.0,Low,12.92,-1.66
Newport,Cold & Wet,Extreme,2026-09-19,0.0,Low,13.07,-1.66
Newport,Cold & Wet,Extreme,2026-09-20,0.0,Low,13.12,-1.66
Newport,Cold & Wet,Extreme,2026-09-21,0.0,Low,12.73,-1.66
Newport,Cold & Wet,Extreme,2026-09-22,0.0,Low,12.57,-1.66
Newport,Cold & Wet,Extreme,2026-09-23,0.0,Low,11.97,-1.66
Newport,Cold & Wet,Extreme,2026-09-24,0.0,Low,12.84,-1.66
Newport,Cold & Wet,Extreme,2026-09-25,0.0,Low,12.67,-1.66
Newport,Cold & Wet,Extreme,2026-09-26,0.0,Low,12.5,-1.66
Newport,Cold & Wet,Extreme,2026-09-27,0.0,Low,11.79,-1.66
Newport,Cold & Wet,Extreme,2026-09-28,0.0,Low,12.73,-1.66
Newport,Cold & Wet,Extreme,2026-09-29,0.0,Low,12.91,-1.66
Newport,Cold & Wet,Extreme,2026-09-30,0.0,Low,12.48,-1.66
Newport,Cold & Wet,Extreme,2026-10-01,0.0,Low,12.22,-1.66
Newport,Cold & Wet,Extreme,2026-10-02,0.0,Low,10.46,-1.66
Newport,Cold & Wet,Extreme,2026-10-03,0.0,Low,10.43,-1.66
Newport,Cold & Wet,Extreme,2026-10-04,0.0,Low,10.76,-1.66
Newport,Cold & Wet,Extreme,2026-10-05,0.0,Low,9.75,-1.66
Providence,Cold & Wet,Extreme,2026-09-06,0.0,Low,12.96,-5.79
Providence,Cold & Wet,Extreme,2026-09-07,0.0,Low,10.2,-5.79
Providence,Cold & Wet,Extreme,2026-09-08,0.0,Low,12.4,-5.79
Providence,Cold & Wet,Extreme,2026-09-09,0.0,Low,15.98,-5.79
Providence,Cold & Wet,Extreme,2026-09-10,0.0,Low,19.33,-5.79
Providence,Cold & Wet,Extreme,2026-09-11,0.0,Low,14.71,-5.79
Providence,Cold & Wet,Extreme,2026-09-12,0.0,Low,11.58,-5.79
Providence,Cold & Wet,Extreme,2026-09-13,0.0,Low,13.01,-5.79
Providence,Cold & Wet,Extreme,2026-09-14,0.0,Low,13.11,-5.79
Providence,Cold & Wet,Extreme,2026-09-15,0.0,Low,13.52,-5.79
Providence,Cold & Wet,Extreme,2026-09-16,0.0,Low,13.56,-5.79
Providence,Cold & Wet,Extreme,2026-09-17,0.0,Low,11.94,-5.79
Providence,Cold & Wet,Extreme,2026-09-18,0.0,Low,10.85,-5.79
Providence,Cold & Wet,Extreme,2026-09-19,0.0,Low,11.08,-5.79
Providence,Cold & Wet,Extreme,2026-09-20,0.0,Low,10.97,-5.79
Providence,Cold & Wet,Extreme,2026-09-21,0.0,Low,10.58,-5.79
Providence,Cold & Wet,Extreme,2026-09-22,0.0,Low,10.38,-5.79
Providence,Cold & Wet,Extreme,2026-09-23,0.0,Low,9.89,-5.79
Providence,Cold & Wet,Extreme,2026-09-24,0.0,Low,10.97,-5.79
Providence,Cold & Wet,Extreme,2026-09-25,0.0,Low,10.58,-5.79
Providence,Cold & Wet,Extreme,2026-09-26,0.0,Low,10.44,-5.79
Providence,Cold & Wet,Extreme,2026-09-27,0.0,Low,9.68,-5.79
Providence,Cold & Wet,Extreme,2026-09-28,0.0,Low,10.65,-5.79
Providence,Cold & Wet,Extreme,2026-09-29,0.0,Low,11.03,-5.79
Providence,Cold & Wet,Extreme,2026-09-30,0.0,Low,10.51,-5.79
Providence,Cold & Wet,Extreme,2026-10-01,0.0,Low,10.1,-5.79
Providence,Cold & Wet,Extreme,2026-10-02,0.0,Low,7.92,-5.79
Providence,Cold & Wet,Extreme,2026-10-03,0.0,Low,8.15,-5.79
Providence,Cold & Wet,Extreme,2026-10-04,0.0,Low,8.44,-5.79
Providence,Cold & Wet,Extreme,2026-10-05,0.0,Low,7.34,-5.79
Washington,Cold & Wet,Extreme,2026-09-06,0.0,Low,13.54,-3.33
Washington,Cold & Wet,Extreme,2026-09-07,0.0,Low,11.09,-3.33
Washington,Cold & Wet,Extreme,2026-09-08,0.0,Low,13.31,-3.33
Washington,Cold & Wet,Extreme,2026-09-09,0.0,Low,16.77,-3.33
Washington,Cold & Wet,Extreme,2026-09-10,0.0,Low,19.55,-3.33
Washington,Cold & Wet,Extreme,2026-09-11,0.0,Low,15.34,-3.33
Washington,Cold & Wet,Extreme,2026-09-12,0.0,Low,12.42,-3.33
Washington,Cold & Wet,Extreme,2026-09-13,0.0,Low,13.64,-3.33
Washington,Cold & Wet,Extreme,2026-09-14,0.0,Low,13.72,-3.33
Washington,Cold & Wet,Extreme,2026-09-15,0.0,Low,14.15,-3.33
Washington,Cold & Wet,Extreme,2026-09-16,0.0,Low,14.04,-3.33
Washington,Cold & Wet,Extreme,2026-09-17,0.0,Low,12.62,-3.33
Washington,Cold & Wet,Extreme,2026-09-18,0.0,Low,11.57,-3.33
Washington,Cold & Wet,Extreme,2026-09-19,0.0,Low,11.72,-3.33
Washington,Cold & Wet,Extreme,2026-09-20,0.0,Low,11.72,-3.33
Washington,Cold & Wet,Extreme,2026-09-21,0.0,Low,11.38,-3.33
Washington,Cold & Wet,Extreme,2026-09-22,0.0,Low,11.12,-3.33
Washington,Cold & Wet,Extreme,2026-09-23,0.0,Low,10.48,-3.33
Washington,Cold & Wet,Extreme,2026-09-24,0.0,Low,11.5,-3.33
Washington,Cold & Wet,Extreme,2026-09-25,0.0,Low,11.25,-3.33
Washington,Cold & Wet,Extreme,2026-09-26,0.0,Low,11.1,-3.33
Washington,Cold & Wet,Extreme,2026-09-27,0.0,Low,10.52,-3.33
Washington,Cold & Wet,Extreme,2026-09-28,0.0,Low,11.37,-3.33
Washington,Cold & Wet,Extreme,2026-09-29,0.0,Low,11.59,-3.33
Washington,Cold & Wet,Extreme,2026-09-30,0.0,Low,11.14,-3.33
Washington,Cold & Wet,Extreme,2026-10-01,0.0,Low,10.81,-3.33
Washington,Cold & Wet,Extreme,2026-10-02,0.0,Low,8.99,-3.33
Washington,Cold & Wet,Extreme,2026-10-03,0.0,Low,8.84,-3.33
Washington,Cold & Wet,Extreme,2026-10-04,0.0,Low,9.1,-3.33
Washington,Cold & Wet,Extreme,2026-10-05,0.0,Low,8.18,-3.33
Bristol,Cold & Wet,Notable,2026-09-06,0.0,Low,14.11,0.86
Bristol,Cold & Wet,Notable,2026-09-07,0.0,Low,11.84,0.86
Bristol,Cold & Wet,Notable,2026-09-08,0.0,Low,13.96,0.86
Bristol,Cold & Wet,Notable,2026-09-09,0.0,Low,17.35,0.86
Bristol,Cold & Wet,Notable,2026-09-10,0.0,Low,20.67,0.86
Bristol,Cold & Wet,Notable,2026-09-11,0.0,Low,16.14,0.86
Bristol,Cold & Wet,Notable,2026-09-12,0.0,Low,13.08,0.86
Bristol,Cold & Wet,Notable,2026-09-13,0.0,Low,14.38,0.86
Bristol,Cold & Wet,Notable,2026-09-14,0.0,Low,14.28,0.86
Bristol,Cold & Wet,Notable,2026-09-15,0.0,Low,14.79,0.86
Bristol,Cold & Wet,Notable,2026-09-16,0.0,Low,15.02,0.86
Bristol,Cold & Wet,Notable,2026-09-17,0.0,Low,13.54,0.86
Bristol,Cold & Wet,Notable,2026-09-18,0.0,Low,12.52,0.86
Bristol,Cold & Wet,Notable,2026-09-19,0.0,Low,12.65,0.86
Bristol,Cold & Wet,Notable,2026-09-20,0.0,Low,12.73,0.86
Bristol,Cold & Wet,Notable,2026-09-21,0.0,Low,12.18,0.86
Bristol,Cold & Wet,Notable,2026-09-22,0.0,Low,12.01,0.86
Bristol,Cold & Wet,Notable,2026-09-23,0.0,Low,11.41,0.86
Bristol,Cold & Wet,Notable,2026-09-24,0.0,Low,12.44,0.86
Bristol,Cold & Wet,Notable,2026-09-25,0.0,Low,12.2,0.86
Bristol,Cold & Wet,Notable,2026-09-26,0.0,Low,12.06,0.86
Bristol,Cold & Wet,Notable,2026-09-27,0.0,Low,11.2,0.86
Bristol,Cold & Wet,Notable,2026-09-28,0.0,Low,12.3,0.86
Bristol,Cold & Wet,Notable,2026-09-29,0.0,Low,12.54,0.86
Bristol,Cold & Wet,Notable,2026-09-30,0.0,Low,12.05,0.86
Bristol,Cold & Wet,Notable,2026-10-01,0.0,Low,11.72,0.86
Bristol,Cold & Wet,Notable,2026-10-02,2.1,Low,9.61,0.86
Bristol,Cold & Wet,Notable,2026-10-03,0.0,Low,9.65,0.86
Bristol,Cold & Wet,Notable,2026-10-04,0.0,Low,9.96,0.86
Bristol,Cold & Wet,Notable,2026-10-05,0.0,Low,8.95,0.86
Kent,Cold & Wet,Notable,2026-09-06,0.0,Low,13.09,-0.9
Kent,Cold & Wet,Notable,2026-09-07,0.0,Low,10.46,-0.9
Kent,Cold & Wet,Notable,2026-09-08,0.0,Low,12.64,-0.9
Kent,Cold & Wet,Notable,2026-09-09,0.0,Low,16.29,-0.9
Kent,Cold & Wet,Notable,2026-09-10,0.0,Low,19.3,-0.9
Kent,Cold & Wet,Notable,2026-09-11,0.0,Low,14.92,-0.9
Kent,Cold & Wet,Notable,2026-09-12,0.0,Low,11.84,-0.9
Kent,Cold & Wet,Notable,2026-09-13,0.0,Low,13.15,-0.9
Kent,Cold & Wet,Notable,2026-09-14,0.0,Low,13.23,-0.9
Kent,Cold & Wet,Notable,2026-09-15,0.0,Low,13.7,-0.9
Kent,Cold & Wet,Notable,2026-09-16,0.0,Low,13.67,-0.9
Kent,Cold & Wet,Notable,2026-09-17,0.0,Low,12.19,-0.9
Kent,Cold & Wet,Notable,2026-09-18,0.0,Low,11.12,-0.9
Kent,Cold & Wet,Notable,2026-09-19,0.0,Low,11.35,-0.9
Kent,Cold & Wet,Notable,2026-09-20,0.0,Low,11.28,-0.9
Kent,Cold & Wet,Notable,2026-09-21,0.0,Low,10.88,-0.9
Kent,Cold & Wet,Notable,2026-09-22,0.0,Low,10.65,-0.9
Kent,Cold & Wet,Notable,2026-09-23,0.0,Low,10.02,-0.9
Kent,Cold & Wet,Notable,2026-09-24,0.0,Low,11.08,-0.9
Kent,Cold & Wet,Notable,2026-09-25,0.0,Low,10.79,-0.9
Kent,Cold & Wet,Notable,2026-09-26,0.0,Low,10.66,-0.9
Kent,Cold & Wet,Notable,2026-09-27,0.0,Low,9.94,-0.9
Kent,Cold & Wet,Notable,2026-09-28,0.0,Low,10.94,-0.9
Kent,Cold & Wet,Notable,2026-09-29,0.0,Low,11.21,-0.9
Kent,Cold & Wet,Notable,2026-09-30,0.0,Low,10.72,-0.9
Kent,Cold & Wet,Notable,2026-10-01,0.0,Low,10.34,-0.9
Kent,Cold & Wet,Notable,2026-10-02,4.2,Low,8.18,-0.9
Kent,Cold & Wet,Notable,2026-10-03,0.0,Low,8.23,-0.9
Kent,Cold & Wet,Notable,2026-10-04,0.0,Low,8.48,-0.9
Kent,Cold & Wet,Notable,2026-10-05,0.0,Low,7.5,-0.9
Newport,Cold & Wet,Notable,2026-09-06,0.0,Low,14.58,2.38
Newport,Cold & Wet,Notable,2026-09-07,0.0,Low,12.5,2.38
Newport,Cold & Wet,Notable,2026-09-08,0.0,Low,14.72,2.38
Newport,Cold & Wet,Notable,2026-09-09,0.0,Low,17.86,2.38
Newport,Cold & Wet,Notable,2026-09-10,0.0,Low,20.88,2.38
Newport,Cold & Wet,Notable,2026-09-11,0.0,Low,16.56,2.38
Newport,Cold & Wet,Notable,2026-09-12,0.0,Low,13.73,2.38
Newport,Cold & Wet,Notable,2026-09-13,0.0,Low,14.87,2.38
Newport,Cold & Wet,Notable,2026-09-14,0.0,Low,14.81,2.38
Newport,Cold & Wet,Notable,2026-09-15,0.0,Low,15.32,2.38
Newport,Cold & Wet,Notable,2026-09-16,0.0,Low,15.41,2.38
Newport,Cold & Wet,Notable,2026-09-17,0.0,Low,13.99,2.38
Newport,Cold & Wet,Notable,2026-09-18,0.0,Low,12.92,2.38
Newport,Cold & Wet,Notable,2026-09-19,0.0,Low,13.07,2.38
Newport,Cold & Wet,Notable,2026-09-20,0.0,Low,13.12,2.38
Newport,Cold & Wet,Notable,2026-09-21,0.0,Low,12.73,2.38
Newport,Cold & Wet,Notable,2026-09-22,0.0,Low,12.57,2.38
Newport,Cold & Wet,Notable,2026-09-23,0.0,Low,11.97,2.38
Newport,Cold & Wet,Notable,2026-09-24,0.0,Low,12.84,2.38
Newport,Cold & Wet,Notable,2026-09-25,0.0,Low,12.67,2.38
Newport,Cold & Wet,Notable,2026-09-26,0.0,Low,12.5,2.38
Newport,Cold & Wet,Notable,2026-09-27,0.0,Low,11.79,2.38
Newport,Cold & Wet,Notable,2026-09-28,0.0,Low,12.73,2.38
Newport,Cold & Wet,Notable,2026-09-29,0.0,Low,12.91,2.38
Newport,Cold & Wet,Notable,2026-09-30,0.0,Low,12.48,2.38
Newport,Cold & Wet,Notable,2026-10-01,2.1,Low,12.22,2.38
Newport,Cold & Wet,Notable,2026-10-02,2.1,Low,10.46,2.38
Newport,Cold & Wet,Notable,2026-10-03,0.0,Low,10.43,2.38
Newport,Cold & Wet,Notable,2026-10-04,0.0,Low,10.76,2.38
Newport,Cold & Wet,Notable,2026-10-05,0.0,Low,9.75,2.38
Providence,Cold & Wet,Notable,2026-09-06,0.0,Low,12.96,-0.76
Providence,Cold & Wet,Notable,2026-09-07,0.0,Low,10.2,-0.76
Providence,Cold & Wet,Notable,2026-09-08,0.0,Low,12.4,-0.76
Providence,Cold & Wet,Notable,2026-09-09,0.0,Low,15.98,-0.76
Providence,Cold & Wet,Notable,2026-09-10,0.0,Low,19.33,-0.76
Providence,Cold & Wet,Notable,2026-09-11,0.0,Low,14.71,-0.76
Providence,Cold & Wet,Notable,2026-09-12,0.0,Low,11.58,-0.76
Providence,Cold & Wet,Notable,2026-09-13,0.0,Low,13.01,-0.76
Providence,Cold & Wet,Notable,2026-09-14,0.0,Low,13.11,-0.76
Providence,Cold & Wet,Notable,2026-09-15,0.0,Low,13.52,-0.76
Providence,Cold & Wet,Notable,2026-09-16,0.0,Low,13.56,-0.76
Providence,Cold & Wet,Notable,2026-09-17,0.0,Low,11.94,-0.76
Providence,Cold & Wet,Notable,2026-09-18,0.0,Low,10.85,-0.76
Providence,Cold & Wet,Notable,2026-09-19,0.0,Low,11.08,-0.76
Providence,Cold & Wet,Notable,2026-09-20,0.0,Low,10.97,-0.76
Providence,Cold & Wet,Notable,2026-09-21,0.0,Low,10.58,-0.76
Providence,Cold & Wet,Notable,2026-09-22,0.0,Low,10.38,-0.76
Providence,Cold & Wet,Notable,2026-09-23,0.0,Low,9.89,-0.76
Providence,Cold & Wet,Notable,2026-09-24,0.0,Low,10.97,-0.76
Providence,Cold & Wet,Notable,2026-09-25,0.0,Low,10.58,-0.76
Providence,Cold & Wet,Notable,2026-09-26,0.0,Low,10.44,-0.76
Providence,Cold & Wet,Notable,2026-09-27,0.0,Low,9.68,-0.76
Providence,Cold & Wet,Notable,2026-09-28,0.0,Low,10.65,-0.76
Providence,Cold & Wet,Notable,2026-09-29,0.0,Low,11.03,-0.76
Providence,Cold & Wet,Notable,2026-09-30,0.0,Low,10.51,-0.76
Providence,Cold & Wet,Notable,2026-10-01,0.0,Low,10.1,-0.76
Providence,Cold & Wet,Notable,2026-10-02,4.2,Low,7.92,-0.76
Providence,Cold & Wet,Notable,2026-10-03,0.0,Low,8.15,-0.76
Providence,Cold & Wet,Notable,2026-10-04,0.0,Low,8.44,-0.76
Providence,Cold & Wet,Notable,2026-10-05,0.0,Low,7.34,-0.76
Washington,Cold & Wet,Notable,2026-09-06,0.0,Low,13.54,1.29
Washington,Cold & Wet,Notable,2026-09-07,0.0,Low,11.09,1.29
Washington,Cold & Wet,Notable,2026-09-08,0.0,Low,13.31,1.29
Washington,Cold & Wet,Notable,2026-09-09,0.0,Low,16.77,1.29
Washington,Cold & Wet,Notable,2026-09-10,0.0,Low,19.55,1.29
Washington,Cold & Wet,Notable,2026-09-11,0.0,Low,15.34,1.29
Washington,Cold & Wet,Notable,2026-09-12,0.0,Low,12.42,1.29
Washington,Cold & Wet,Notable,2026-09-13,0.0,Low,13.64,1.29
Washington,Cold & Wet,Notable,2026-09-14,0.0,Low,13.72,1.29
Washington,Cold & Wet,Notable,2026-09-15,0.0,Low,14.15,1.29
Washington,Cold & Wet,Notable,2026-09-16,0.0,Low,14.04,1.29
Washington,Cold & Wet,Notable,2026-09-17,0.0,Low,12.62,1.29
Washington,Cold & Wet,Notable,2026-09-18,0.0,Low,11.57,1.29
Washington,Cold & Wet,Notable,2026-09-19,0.0,Low,11.72,1.29
Washington,Cold & Wet,Notable,2026-09-20,0.0,Low,11.72,1.29
Washington,Cold & Wet,Notable,2026-09-21,0.0,Low,11.38,1.29
Washington,Cold & Wet,Notable,2026-09-22,0.0,Low,11.12,1.29
Washington,Cold & Wet,Notable,2026-09-23,0.0,Low,10.48,1.29
Washington,Cold & Wet,Notable,2026-09-24,0.0,Low,11.5,1.29
Washington,Cold & Wet,Notable,2026-09-25,0.0,Low,11.25,1.29
Washington,Cold & Wet,Notable,2026-09-26,0.0,Low,11.1,1.29
Washington,Cold & Wet,Notable,2026-09-27,0.0,Low,10.52,1.29
Washington,Cold & Wet,Notable,2026-09-28,0.0,Low,11.37,1.29
Washington,Cold & Wet,Notable,2026-09-29,0.0,Low,11.59,1.29
Washington,Cold & Wet,Notable,2026-09-30,0.0,Low,11.14,1.29
Washington,Cold & Wet,Notable,2026-10-01,2.1,Low,10.81,1.29
Washington,Cold & Wet,Notable,2026-10-02,4.2,Low,8.99,1.29
Washington,Cold & Wet,Notable,2026-10-03,0.0,Low,8.84,1.29
Washington,Cold & Wet,Notable,2026-10-04,3.1,Low,9.1,1.29
Washington,Cold & Wet,Notable,2026-10-05,0.0,Low,8.18,1.29
Bristol,Cold & Wet,Severe,2026-09-06,0.0,Low,14.11,-0.52
Bristol,Cold & Wet,Severe,2026-09-07,0.0,Low,11.84,-0.52
Bristol,Cold & Wet,Severe,2026-09-08,0.0,Low,13.96,-0.52
Bristol,Cold & Wet,Severe,2026-09-09,0.0,Low,17.35,-0.52
Bristol,Cold & Wet,Severe,2026-09-10,0.0,Low,20.67,-0.52
Bristol,Cold & Wet,Severe,2026-09-11,0.0,Low,16.14,-0.52
Bristol,Cold & Wet,Severe,2026-09-12,0.0,Low,13.08,-0.52
Bristol,Cold & Wet,Severe,2026-09-13,0.0,Low,14.38,-0.52
Bristol,Cold & Wet,Severe,2026-09-14,0.0,Low,14.28,-0.52
Bristol,Cold & Wet,Severe,2026-09-15,0.0,Low,14.79,-0.52
Bristol,Cold & Wet,Severe,2026-09-16,0.0,Low,15.02,-0.52
Bristol,Cold & Wet,Severe,2026-09-17,0.0,Low,13.54,-0.52
Bristol,Cold & Wet,Severe,2026-09-18,0.0,Low,12.52,-0.52
Bristol,Cold & Wet,Severe,2026-09-19,0.0,Low,12.65,-0.52
Bristol,Cold & Wet,Severe,2026-09-20,0.0,Low,12.73,-0.52
Bristol,Cold & Wet,Severe,2026-09-21,0.0,Low,12.18,-0.52
Bristol,Cold & Wet,Severe,2026-09-22,0.0,Low,12.01,-0.52
Bristol,Cold & Wet,Severe,2026-09-23,0.0,Low,11.41,-0.52
Bristol,Cold & Wet,Severe,2026-09-24,0.0,Low,12.44,-0.52
Bristol,Cold & Wet,Severe,2026-09-25,0.0,Low,12.2,-0.52
Bristol,Cold & Wet,Severe,2026-09-26,0.0,Low,12.06,-0.52
Bristol,Cold & Wet,Severe,2026-09-27,0.0,Low,11.2,-0.52
Bristol,Cold & Wet,Severe,2026-09-28,0.0,Low,12.3,-0.52
Bristol,Cold & Wet,Severe,2026-09-29,0.0,Low,12.54,-0.52
Bristol,Cold & Wet,Severe,2026-09-30,0.0,Low,12.05,-0.52
Bristol,Cold & Wet,Severe,2026-10-01,0.0,Low,11.72,-0.52
Bristol,Cold & Wet,Severe,2026-10-02,2.1,Low,9.61,-0.52
Bristol,Cold & Wet,Severe,2026-10-03,0.0,Low,9.65,-0.52
Bristol,Cold & Wet,Severe,2026-10-04,0.0,Low,9.96,-0.52
Bristol,Cold & Wet,Severe,2026-10-05,0.0,Low,8.95,-0.52
Kent,Cold & Wet,Severe,2026-09-06,0.0,Low,13.09,-2.3
Kent,Cold & Wet,Severe,2026-09-07,0.0,Low,10.46,-2.3
Kent,Cold & Wet,Severe,2026-09-08,0.0,Low,12.64,-2.3
Kent,Cold & Wet,Severe,2026-09-09,0.0,Low,16.29,-2.3
Kent,Cold & Wet,Severe,2026-09-10,0.0,Low,19.3,-2.3
Kent,Cold & Wet,Severe,2026-09-11,0.0,Low,14.92,-2.3
Kent,Cold & Wet,Severe,2026-09-12,0.0,Low,11.84,-2.3
Kent,Cold & Wet,Severe,2026-09-13,0.0,Low,13.15,-2.3
Kent,Cold & Wet,Severe,2026-09-14,0.0,Low,13.23,-2.3
Kent,Cold & Wet,Severe,2026-09-15,0.0,Low,13.7,-2.3
Kent,Cold & Wet,Severe,2026-09-16,0.0,Low,13.67,-2.3
Kent,Cold & Wet,Severe,2026-09-17,0.0,Low,12.19,-2.3
Kent,Cold & Wet,Severe,2026-09-18,0.0,Low,11.12,-2.3
Kent,Cold & Wet,Severe,2026-09-19,0.0,Low,11.35,-2.3
Kent,Cold & Wet,Severe,2026-09-20,0.0,Low,11.28,-2.3
Kent,Cold & Wet,Severe,2026-09-21,0.0,Low,10.88,-2.3
Kent,Cold & Wet,Severe,2026-09-22,0.0,Low,10.65,-2.3
Kent,Cold & Wet,Severe,2026-09-23,0.0,Low,10.02,-2.3
Kent,Cold & Wet,Severe,2026-09-24,0.0,Low,11.08,-2.3
Kent,Cold & Wet,Severe,2026-09-25,0.0,Low,10.79,-2.3
Kent,Cold & Wet,Severe,2026-09-26,0.0,Low,10.66,-2.3
Kent,Cold & Wet,Severe,2026-09-27,0.0,Low,9.94,-2.3
Kent,Cold & Wet,Severe,2026-09-28,0.0,Low,10.94,-2.3
Kent,Cold & Wet,Severe,2026-09-29,0.0,Low,11.21,-2.3
Kent,Cold & Wet,Severe,2026-09-30,0.0,Low,10.72,-2.3
Kent,Cold & Wet,Severe,2026-10-01,0.0,Low,10.34,-2.3
Kent,Cold & Wet,Severe,2026-10-02,2.1,Low,8.18,-2.3
Kent,Cold & Wet,Severe,2026-10-03,0.0,Low,8.23,-2.3
Kent,Cold & Wet,Severe,2026-10-04,0.0,Low,8.48,-2.3
Kent,Cold & Wet,Severe,2026-10-05,0.0,Low,7.5,-2.3
Newport,Cold & Wet,Severe,2026-09-06,0.0,Low,14.58,1.14
Newport,Cold & Wet,Severe,2026-09-07,0.0,Low,12.5,1.14
Newport,Cold & Wet,Severe,2026-09-08,0.0,Low,14.72,1.14
Newport,Cold & Wet,Severe,2026-09-09,0.0,Low,17.86,1.14
Newport,Cold & Wet,Severe,2026-09-10,0.0,Low,20.88,1.14
Newport,Cold & Wet,Severe,2026-09-11,0.0,Low,16.56,1.14
Newport,Cold & Wet,Severe,2026-09-12,0.0,Low,13.73,1.14
Newport,Cold & Wet,Severe,2026-09-13,0.0,Low,14.87,1.14
Newport,Cold & Wet,Severe,2026-09-14,0.0,Low,14.81,1.14
Newport,Cold & Wet,Severe,2026-09-15,0.0,Low,15.32,1.14
Newport,Cold & Wet,Severe,2026-09-16,0.0,Low,15.41,1.14
Newport,Cold & Wet,Severe,2026-09-17,0.0,Low,13.99,1.14
Newport,Cold & Wet,Severe,2026-09-18,0.0,Low,12.92,1.14
Newport,Cold & Wet,Severe,2026-09-19,0.0,Low,13.07,1.14
Newport,Cold & Wet,Severe,2026-09-20,0.0,Low,13.12,1.14
Newport,Cold & Wet,Severe,2026-09-21,0.0,Low,12.73,1.14
Newport,Cold & Wet,Severe,2026-09-22,0.0,Low,12.57,1.14
Newport,Cold & Wet,Severe,2026-09-23,0.0,Low,11.97,1.14
Newport,Cold & Wet,Severe,2026-09-24,0.0,Low,12.84,1.14
Newport,Cold & Wet,Severe,2026-09-25,0.0,Low,12.67,1.14
Newport,Cold & Wet,Severe,2026-09-26,0.0,Low,12.5,1.14
Newport,Cold & Wet,Severe,2026-09-27,0.0,Low,11.79,1.14
Newport,Cold & Wet,Severe,2026-09-28,0.0,Low,12.73,1.14
Newport,Cold & Wet,Severe,2026-09-29,0.0,Low,12.91,1.14
Newport,Cold & Wet,Severe,2026-09-30,0.0,Low,12.48,1.14
Newport,Cold & Wet,Severe,2026-10-01,0.0,Low,12.22,1.14
Newport,Cold & Wet,Severe,2026-10-02,2.1,Low,10.46,1.14
Newport,Cold & Wet,Severe,2026-10-03,0.0,Low,10.43,1.14
Newport,Cold & Wet,Severe,2026-10-04,0.0,Low,10.76,1.14
Newport,Cold & Wet,Severe,2026-10-05,0.0,Low,9.75,1.14
Providence,Cold & Wet,Severe,2026-09-06,0.0,Low,12.96,-2.42
Providence,Cold & Wet,Severe,2026-09-07,0.0,Low,10.2,-2.42
Providence,Cold & Wet,Severe,2026-09-08,0.0,Low,12.4,-2.42
Providence,Cold & Wet,Severe,2026-09-09,0.0,Low,15.98,-2.42
Providence,Cold & Wet,Severe,2026-09-10,0.0,Low,19.33,-2.42
Providence,Cold & Wet,Severe,2026-09-11,0.0,Low,14.71,-2.42
Providence,Cold & Wet,Severe,2026-09-12,0.0,Low,11.58,-2.42
Providence,Cold & Wet,Severe,2026-09-13,0.0,Low,13.01,-2.42
Providence,Cold & Wet,Severe,2026-09-14,0.0,Low,13.11,-2.42
Providence,Cold & Wet,Severe,2026-09-15,0.0,Low,13.52,-2.42
Providence,Cold & Wet,Severe,2026-09-16,0.0,Low,13.56,-2.42
Providence,Cold & Wet,Severe,2026-09-17,0.0,Low,11.94,-2.42
Providence,Cold & Wet,Severe,2026-09-18,0.0,Low,10.85,-2.42
Providence,Cold & Wet,Severe,2026-09-19,0.0,Low,11.08,-2.42
Providence,Cold & Wet,Severe,2026-09-20,0.0,Low,10.97,-2.42
Providence,Cold & Wet,Severe,2026-09-21,0.0,Low,10.58,-2.42
Providence,Cold & Wet,Severe,2026-09-22,0.0,Low,10.38,-2.42
Providence,Cold & Wet,Severe,2026-09-23,0.0,Low,9.89,-2.42
Providence,Cold & Wet,Severe,2026-09-24,0.0,Low,10.97,-2.42
Providence,Cold & Wet,Severe,2026-09-25,0.0,Low,10.58,-2.42
Providence,Cold & Wet,Severe,2026-09-26,0.0,Low,10.44,-2.42
Providence,Cold & Wet,Severe,2026-09-27,0.0,Low,9.68,-2.42
Providence,Cold & Wet,Severe,2026-09-28,0.0,Low,10.65,-2.42
Providence,Cold & Wet,Severe,2026-09-29,0.0,Low,11.03,-2.42
Providence,Cold & Wet,Severe,2026-09-30,0.0,Low,10.51,-2.42
Providence,Cold & Wet,Severe,2026-10-01,0.0,Low,10.1,-2.42
Providence,Cold & Wet,Severe,2026-10-02,2.1,Low,7.92,-2.42
Providence,Cold & Wet,Severe,2026-10-03,0.0,Low,8.15,-2.42
Providence,Cold & Wet,Severe,2026-10-04,0.0,Low,8.44,-2.42
Providence,Cold & Wet,Severe,2026-10-05,0.0,Low,7.34,-2.42
Washington,Cold & Wet,Severe,2026-09-06,0.0,Low,13.54,-1.37
Washington,Cold & Wet,Severe,2026-09-07,0.0,Low,11.09,-1.37
Washington,Cold & Wet,Severe,2026-09-08,0.0,Low,13.31,-1.37
Washington,Cold & Wet,Severe,2026-09-09,0.0,Low,16.77,-1.37
Washington,Cold & Wet,Severe,2026-09-10,0.0,Low,19.55,-1.37
Washington,Cold & Wet,Severe,2026-09-11,0.0,Low,15.34,-1.37
Washington,Cold & Wet,Severe,2026-09-12,0.0,Low,12.42,-1.37
Washington,Cold & Wet,Severe,2026-09-13,0.0,Low,13.64,-1.37
Washington,Cold & Wet,Severe,2026-09-14,0.0,Low,13.72,-1.37
Washington,Cold & Wet,Severe,2026-09-15,0.0,Low,14.15,-1.37
Washington,Cold & Wet,Severe,2026-09-16,0.0,Low,14.04,-1.37
Washington,Cold & Wet,Severe,2026-09-17,0.0,Low,12.62,-1.37
Washington,Cold & Wet,Severe,2026-09-18,0.0,Low,11.57,-1.37
Washington,Cold & Wet,Severe,2026-09-19,0.0,Low,11.72,-1.37
Washington,Cold & Wet,Severe,2026-09-20,0.0,Low,11.72,-1.37
Washington,Cold & Wet,Severe,2026-09-21,0.0,Low,11.38,-1.37
Washington,Cold & Wet,Severe,2026-09-22,0.0,Low,11.12,-1.37
Washington,Cold & Wet,Severe,2026-09-23,0.0,Low,10.48,-1.37
Washington,Cold & Wet,Severe,2026-09-24,0.0,Low,11.5,-1.37
Washington,Cold & Wet,Severe,2026-09-25,0.0,Low,11.25,-1.37
Washington,Cold & Wet,Severe,2026-09-26,0.0,Low,11.1,-1.37
Washington,Cold & Wet,Severe,2026-09-27,0.0,Low,10.52,-1.37
Washington,Cold & Wet,Severe,2026-09-28,0.0,Low,11.37,-1.37
Washington,Cold & Wet,Severe,2026-09-29,0.0,Low,11.59,-1.37
Washington,Cold & Wet,Severe,2026-09-30,0.0,Low,11.14,-1.37
Washington,Cold & Wet,Severe,2026-10-01,0.0,Low,10.81,-1.37
Washington,Cold & Wet,Severe,2026-10-02,2.1,Low,8.99,-1.37
Washington,Cold & Wet,Severe,2026-10-03,0.0,Low,8.84,-1.37
Washington,Cold & Wet,Severe,2026-10-04,0.0,Low,9.1,-1.37
Washington,Cold & Wet,Severe,2026-10-05,0.0,Low,8.18,-1.37
Bristol,Cold & Windy,Extreme,2026-09-06,0.0,Low,14.11,-8.45
Bristol,Cold & Windy,Extreme,2026-09-07,0.0,Low,11.84,-8.45
Bristol,Cold & Windy,Extreme,2026-09-08,0.0,Low,13.96,-8.45
Bristol,Cold & Windy,Extreme,2026-09-09,0.0,Low,17.35,-8.45
Bristol,Cold & Windy,Extreme,2026-09-10,0.0,Low,20.67,-8.45
Bristol,Cold & Windy,Extreme,2026-09-11,0.0,Low,16.14,-8.45
Bristol,Cold & Windy,Extreme,2026-09-12,0.0,Low,13.08,-8.45
Bristol,Cold & Windy,Extreme,2026-09-13,0.0,Low,14.38,-8.45
Bristol,Cold & Windy,Extreme,2026-09-14,0.0,Low,14.28,-8.45
Bristol,Cold & Windy,Extreme,2026-09-15,0.0,Low,14.79,-8.45
Bristol,Cold & Windy,Extreme,2026-09-16,0.0,Low,15.02,-8.45
Bristol,Cold & Windy,Extreme,2026-09-17,0.0,Low,13.54,-8.45
Bristol,Cold & Windy,Extreme,2026-09-18,0.0,Low,12.52,-8.45
Bristol,Cold & Windy,Extreme,2026-09-19,0.0,Low,12.65,-8.45
Bristol,Cold & Windy,Extreme,2026-09-20,0.0,Low,12.73,-8.45
Bristol,Cold & Windy,Extreme,2026-09-21,0.0,Low,12.18,-8.45
Bristol,Cold & Windy,Extreme,2026-09-22,0.0,Low,12.01,-8.45
Bristol,Cold & Windy,Extreme,2026-09-23,0.0,Low,11.41,-8.45
Bristol,Cold & Windy,Extreme,2026-09-24,0.0,Low,12.44,-8.45
Bristol,Cold & Windy,Extreme,2026-09-25,0.0,Low,12.2,-8.45
Bristol,Cold & Windy,Extreme,2026-09-26,0.0,Low,12.06,-8.45
Bristol,Cold & Windy,Extreme,2026-09-27,0.0,Low,11.2,-8.45
Bristol,Cold & Windy,Extreme,2026-09-28,0.0,Low,12.3,-8.45
Bristol,Cold & Windy,Extreme,2026-09-29,0.0,Low,12.54,-8.45
Bristol,Cold & Windy,Extreme,2026-09-30,0.0,Low,12.05,-8.45
Bristol,Cold & Windy,Extreme,2026-10-01,0.0,Low,11.72,-8.45
Bristol,Cold & Windy,Extreme,2026-10-02,0.0,Low,9.61,-8.45
Bristol,Cold & Windy,Extreme,2026-10-03,0.0,Low,9.65,-8.45
Bristol,Cold & Windy,Extreme,2026-10-04,0.0,Low,9.96,-8.45
Bristol,Cold & Windy,Extreme,2026-10-05,0.0,Low,8.95,-8.45
Kent,Cold & Windy,Extreme,2026-09-06,0.0,Low,13.09,-10.0
Kent,Cold & Windy,Extreme,2026-09-07,0.0,Low,10.46,-10.0
Kent,Cold & Windy,Extreme,2026-09-08,0.0,Low,12.64,-10.0
Kent,Cold & Windy,Extreme,2026-09-09,0.0,Low,16.29,-10.0
Kent,Cold & Windy,Extreme,2026-09-10,0.0,Low,19.3,-10.0
Kent,Cold & Windy,Extreme,2026-09-11,0.0,Low,14.92,-10.0
Kent,Cold & Windy,Extreme,2026-09-12,0.0,Low,11.84,-10.0
Kent,Cold & Windy,Extreme,2026-09-13,0.0,Low,13.15,-10.0
Kent,Cold & Windy,Extreme,2026-09-14,0.0,Low,13.23,-10.0
Kent,Cold & Windy,Extreme,2026-09-15,0.0,Low,13.7,-10.0
Kent,Cold & Windy,Extreme,2026-09-16,0.0,Low,13.67,-10.0
Kent,Cold & Windy,Extreme,2026-09-17,0.0,Low,12.19,-10.0
Kent,Cold & Windy,Extreme,2026-09-18,0.0,Low,11.12,-10.0
Kent,Cold & Windy,Extreme,2026-09-19,0.0,Low,11.35,-10.0
Kent,Cold & Windy,Extreme,2026-09-20,0.0,Low,11.28,-10.0
Kent,Cold & Windy,Extreme,2026-09-21,0.0,Low,10.88,-10.0
Kent,Cold & Windy,Extreme,2026-09-22,0.0,Low,10.65,-10.0
Kent,Cold & Windy,Extreme,2026-09-23,0.0,Low,10.02,-10.0
Kent,Cold & Windy,Extreme,2026-09-24,0.0,Low,11.08,-10.0
Kent,Cold & Windy,Extreme,2026-09-25,0.0,Low,10.79,-10.0
Kent,Cold & Windy,Extreme,2026-09-26,0.0,Low,10.66,-10.0
Kent,Cold & Windy,Extreme,2026-09-27,0.0,Low,9.94,-10.0
Kent,Cold & Windy,Extreme,2026-09-28,0.0,Low,10.94,-10.0
Kent,Cold & Windy,Extreme,2026-09-29,0.0,Low,11.21,-10.0
Kent,Cold & Windy,Extreme,2026-09-30,0.0,Low,10.72,-10.0
Kent,Cold & Windy,Extreme,2026-10-01,0.0,Low,10.34,-10.0
Kent,Cold & Windy,Extreme,2026-10-02,0.0,Low,8.18,-10.0
Kent,Cold & Windy,Extreme,2026-10-03,0.0,Low,8.23,-10.0
Kent,Cold & Windy,Extreme,2026-10-04,0.0,Low,8.48,-10.0
Kent,Cold & Windy,Extreme,2026-10-05,0.0,Low,7.5,-10.0
Newport,Cold & Windy,Extreme,2026-09-06,0.0,Low,14.58,-7.9
Newport,Cold & Windy,Extreme,2026-09-07,0.0,Low,12.5,-7.9
Newport,Cold & Windy,Extreme,2026-09-08,0.0,Low,14.72,-7.9
Newport,Cold & Windy,Extreme,2026-09-09,0.0,Low,17.86,-7.9
Newport,Cold & Windy,Extreme,2026-09-10,0.0,Low,20.88,-7.9
Newport,Cold & Windy,Extreme,2026-09-11,0.0,Low,16.56,-7.9
Newport,Cold & Windy,Extreme,2026-09-12,0.0,Low,13.73,-7.9
Newport,Cold & Windy,Extreme,2026-09-13,0.0,Low,14.87,-7.9
Newport,Cold & Windy,Extreme,2026-09-14,0.0,Low,14.81,-7.9
Newport,Cold & Windy,Extreme,2026-09-15,0.0,Low,15.32,-7.9
Newport,Cold & Windy,Extreme,2026-09-16,0.0,Low,15.41,-7.9
Newport,Cold & Windy,Extreme,2026-09-17,0.0,Low,13.99,-7.9
Newport,Cold & Windy,Extreme,2026-09-18,0.0,Low,12.92,-7.9
Newport,Cold & Windy,Extreme,2026-09-19,0.0,Low,13.07,-7.9
Newport,Cold & Windy,Extreme,2026-09-20,0.0,Low,13.12,-7.9
Newport,Cold & Windy,Extreme,2026-09-21,0.0,Low,12.73,-7.9
Newport,Cold & Windy,Extreme,2026-09-22,0.0,Low,12.57,-7.9
Newport,Cold & Windy,Extreme,2026-09-23,0.0,Low,11.97,-7.9
Newport,Cold & Windy,Extreme,2026-09-24,0.0,Low,12.84,-7.9
Newport,Cold & Windy,Extreme,2026-09-25,0.0,Low,12.67,-7.9
Newport,Cold & Windy,Extreme,2026-09-26,0.0,Low,12.5,-7.9
Newport,Cold & Windy,Extreme,2026-09-27,0.0,Low,11.79,-7.9
Newport,Cold & Windy,Extreme,2026-09-28,0.0,Low,12.73,-7.9
Newport,Cold & Windy,Extreme,2026-09-29,0.0,Low,12.91,-7.9
Newport,Cold & Windy,Extreme,2026-09-30,0.0,Low,12.48,-7.9
Newport,Cold & Windy,Extreme,2026-10-01,0.0,Low,12.22,-7.9
Newport,Cold & Windy,Extreme,2026-10-02,0.0,Low,10.46,-7.9
Newport,Cold & Windy,Extreme,2026-10-03,0.0,Low,10.43,-7.9
Newport,Cold & Windy,Extreme,2026-10-04,0.0,Low,10.76,-7.9
Newport,Cold & Windy,Extreme,2026-10-05,0.0,Low,9.75,-7.9
Providence,Cold & Windy,Extreme,2026-09-06,0.0,Low,12.96,-10.47
Providence,Cold & Windy,Extreme,2026-09-07,0.0,Low,10.2,-10.47
Providence,Cold & Windy,Extreme,2026-09-08,0.0,Low,12.4,-10.47
Providence,Cold & Windy,Extreme,2026-09-09,0.0,Low,15.98,-10.47
Providence,Cold & Windy,Extreme,2026-09-10,0.0,Low,19.33,-10.47
Providence,Cold & Windy,Extreme,2026-09-11,0.0,Low,14.71,-10.47
Providence,Cold & Windy,Extreme,2026-09-12,0.0,Low,11.58,-10.47
Providence,Cold & Windy,Extreme,2026-09-13,0.0,Low,13.01,-10.47
Providence,Cold & Windy,Extreme,2026-09-14,0.0,Low,13.11,-10.47
Providence,Cold & Windy,Extreme,2026-09-15,0.0,Low,13.52,-10.47
Providence,Cold & Windy,Extreme,2026-09-16,0.0,Low,13.56,-10.47
Providence,Cold & Windy,Extreme,2026-09-17,0.0,Low,11.94,-10.47
Providence,Cold & Windy,Extreme,2026-09-18,0.0,Low,10.85,-10.47
Providence,Cold & Windy,Extreme,2026-09-19,0.0,Low,11.08,-10.47
Providence,Cold & Windy,Extreme,2026-09-20,0.0,Low,10.97,-10.47
Providence,Cold & Windy,Extreme,2026-09-21,0.0,Low,10.58,-10.47
Providence,Cold & Windy,Extreme,2026-09-22,0.0,Low,10.38,-10.47
Providence,Cold & Windy,Extreme,2026-09-23,0.0,Low,9.89,-10.47
Providence,Cold & Windy,Extreme,2026-09-24,0.0,Low,10.97,-10.47
Providence,Cold & Windy,Extreme,2026-09-25,0.0,Low,10.58,-10.47
Providence,Cold & Windy,Extreme,2026-09-26,0.0,Low,10.44,-10.47
Providence,Cold & Windy,Extreme,2026-09-27,0.0,Low,9.68,-10.47
Providence,Cold & Windy,Extreme,2026-09-28,0.0,Low,10.65,-10.47
Providence,Cold & Windy,Extreme,2026-09-29,0.0,Low,11.03,-10.47
Providence,Cold & Windy,Extreme,2026-09-30,0.0,Low,10.51,-10.47
Providence,Cold & Windy,Extreme,2026-10-01,0.0,Low,10.1,-10.47
Providence,Cold & Windy,Extreme,2026-10-02,0.0,Low,7.92,-10.47
Providence,Cold & Windy,Extreme,2026-10-03,0.0,Low,8.15,-10.47
Providence,Cold & Windy,Extreme,2026-10-04,0.0,Low,8.44,-10.47
Providence,Cold & Windy,Extreme,2026-10-05,0.0,Low,7.34,-10.47
Washington,Cold & Windy,Extreme,2026-09-06,0.0,Low,13.54,-8.27
Washington,Cold & Windy,Extreme,2026-09-07,0.0,Low,11.09,-8.27
Washington,Cold & Windy,Extreme,2026-09-08,0.0,Low,13.31,-8.27
Washington,Cold & Windy,Extreme,2026-09-09,0.0,Low,16.77,-8.27
Washington,Cold & Windy,Extreme,2026-09-10,0.0,Low,19.55,-8.27
Washington,Cold & Windy,Extreme,2026-09-11,0.0,Low,15.34,-8.27
Washington,Cold & Windy,Extreme,2026-09-12,0.0,Low,12.42,-8.27
Washington,Cold & Windy,Extreme,2026-09-13,0.0,Low,13.64,-8.27
Washington,Cold & Windy,Extreme,2026-09-14,0.0,Low,13.72,-8.27
Washington,Cold & Windy,Extreme,2026-09-15,0.0,Low,14.15,-8.27
Washington,Cold & Windy,Extreme,2026-09-16,0.0,Low,14.04,-8.27
Washington,Cold & Windy,Extreme,2026-09-17,0.0,Low,12.62,-8.27
Washington,Cold & Windy,Extreme,2026-09-18,0.0,Low,11.57,-8.27
Washington,Cold & Windy,Extreme,2026-09-19,0.0,Low,11.72,-8.27
Washington,Cold & Windy,Extreme,2026-09-20,0.0,Low,11.72,-8.27
Washington,Cold & Windy,Extreme,2026-09-21,0.0,Low,11.38,-8.27
Washington,Cold & Windy,Extreme,2026-09-22,0.0,Low,11.12,-8.27
Washington,Cold & Windy,Extreme,2026-09-23,0.0,Low,10.48,-8.27
Washington,Cold & Windy,Extreme,2026-09-24,0.0,Low,11.5,-8.27
Washington,Cold & Windy,Extreme,2026-09-25,0.0,Low,11.25,-8.27
Washington,Cold & Windy,Extreme,2026-09-26,0.0,Low,11.1,-8.27
Washington,Cold & Windy,Extreme,2026-09-27,0.0,Low,10.52,-8.27
Washington,Cold & Windy,Extreme,2026-09-28,0.0,Low,11.37,-8.27
Washington,Cold & Windy,Extreme,2026-09-29,0.0,Low,11.59,-8.27
Washington,Cold & Windy,Extreme,2026-09-30,0.0,Low,11.14,-8.27
Washington,Cold & Windy,Extreme,2026-10-01,0.0,Low,10.81,-8.27
Washington,Cold & Windy,Extreme,2026-10-02,0.0,Low,8.99,-8.27
Washington,Cold & Windy,Extreme,2026-10-03,0.0,Low,8.84,-8.27
Washington,Cold & Windy,Extreme,2026-10-04,0.0,Low,9.1,-8.27
Washington,Cold & Windy,Extreme,2026-10-05,0.0,Low,8.18,-8.27
Bristol,Cold & Windy,Notable,2026-09-06,0.0,Low,14.11,-3.29
Bristol,Cold & Windy,Notable,2026-09-07,0.0,Low,11.84,-3.29
Bristol,Cold & Windy,Notable,2026-09-08,0.0,Low,13.96,-3.29
Bristol,Cold & Windy,Notable,2026-09-09,0.0,Low,17.35,-3.29
Bristol,Cold & Windy,Notable,2026-09-10,0.0,Low,20.67,-3.29
Bristol,Cold & Windy,Notable,2026-09-11,0.0,Low,16.14,-3.29
Bristol,Cold & Windy,Notable,2026-09-12,0.0,Low,13.08,-3.29
Bristol,Cold & Windy,Notable,2026-09-13,0.0,Low,14.38,-3.29
Bristol,Cold & Windy,Notable,2026-09-14,0.0,Low,14.28,-3.29
Bristol,Cold & Windy,Notable,2026-09-15,0.0,Low,14.79,-3.29
Bristol,Cold & Windy,Notable,2026-09-16,0.0,Low,15.02,-3.29
Bristol,Cold & Windy,Notable,2026-09-17,0.0,Low,13.54,-3.29
Bristol,Cold & Windy,Notable,2026-09-18,0.0,Low,12.52,-3.29
Bristol,Cold & Windy,Notable,2026-09-19,0.0,Low,12.65,-3.29
Bristol,Cold & Windy,Notable,2026-09-20,0.0,Low,12.73,-3.29
Bristol,Cold & Windy,Notable,2026-09-21,0.0,Low,12.18,-3.29
Bristol,Cold & Windy,Notable,2026-09-22,0.0,Low,12.01,-3.29
Bristol,Cold & Windy,Notable,2026-09-23,0.0,Low,11.41,-3.29
Bristol,Cold & Windy,Notable,2026-09-24,0.0,Low,12.44,-3.29
Bristol,Cold & Windy,Notable,2026-09-25,0.0,Low,12.2,-3.29
Bristol,Cold & Windy,Notable,2026-09-26,0.0,Low,12.06,-3.29
Bristol,Cold & Windy,Notable,2026-09-27,0.0,Low,11.2,-3.29
Bristol,Cold & Windy,Notable,2026-09-28,0.0,Low,12.3,-3.29
Bristol,Cold & Windy,Notable,2026-09-29,0.0,Low,12.54,-3.29
Bristol,Cold & Windy,Notable,2026-09-30,0.0,Low,12.05,-3.29
Bristol,Cold & Windy,Notable,2026-10-01,0.0,Low,11.72,-3.29
Bristol,Cold & Windy,Notable,2026-10-02,0.0,Low,9.61,-3.29
Bristol,Cold & Windy,Notable,2026-10-03,0.0,Low,9.65,-3.29
Bristol,Cold & Windy,Notable,2026-10-04,0.0,Low,9.96,-3.29
Bristol,Cold & Windy,Notable,2026-10-05,0.0,Low,8.95,-3.29
Kent,Cold & Windy,Notable,2026-09-06,0.0,Low,13.09,-5.11
Kent,Cold & Windy,Notable,2026-09-07,0.0,Low,10.46,-5.11
Kent,Cold & Windy,Notable,2026-09-08,0.0,Low,12.64,-5.11
Kent,Cold & Windy,Notable,2026-09-09,0.0,Low,16.29,-5.11
Kent,Cold & Windy,Notable,2026-09-10,0.0,Low,19.3,-5.11
Kent,Cold & Windy,Notable,2026-09-11,0.0,Low,14.92,-5.11
Kent,Cold & Windy,Notable,2026-09-12,0.0,Low,11.84,-5.11
Kent,Cold & Windy,Notable,2026-09-13,0.0,Low,13.15,-5.11
Kent,Cold & Windy,Notable,2026-09-14,0.0,Low,13.23,-5.11
Kent,Cold & Windy,Notable,2026-09-15,0.0,Low,13.7,-5.11
Kent,Cold & Windy,Notable,2026-09-16,0.0,Low,13.67,-5.11
Kent,Cold & Windy,Notable,2026-09-17,0.0,Low,12.19,-5.11
Kent,Cold & Windy,Notable,2026-09-18,0.0,Low,11.12,-5.11
Kent,Cold & Windy,Notable,2026-09-19,0.0,Low,11.35,-5.11
Kent,Cold & Windy,Notable,2026-09-20,0.0,Low,11.28,-5.11
Kent,Cold & Windy,Notable,2026-09-21,0.0,Low,10.88,-5.11
Kent,Cold & Windy,Notable,2026-09-22,0.0,Low,10.65,-5.11
Kent,Cold & Windy,Notable,2026-09-23,0.0,Low,10.02,-5.11
Kent,Cold & Windy,Notable,2026-09-24,0.0,Low,11.08,-5.11
Kent,Cold & Windy,Notable,2026-09-25,0.0,Low,10.79,-5.11
Kent,Cold & Windy,Notable,2026-09-26,0.0,Low,10.66,-5.11
Kent,Cold & Windy,Notable,2026-09-27,0.0,Low,9.94,-5.11
Kent,Cold & Windy,Notable,2026-09-28,0.0,Low,10.94,-5.11
Kent,Cold & Windy,Notable,2026-09-29,0.0,Low,11.21,-5.11
Kent,Cold & Windy,Notable,2026-09-30,0.0,Low,10.72,-5.11
Kent,Cold & Windy,Notable,2026-10-01,0.0,Low,10.34,-5.11
Kent,Cold & Windy,Notable,2026-10-02,0.0,Low,8.18,-5.11
Kent,Cold & Windy,Notable,2026-10-03,0.0,Low,8.23,-5.11
Kent,Cold & Windy,Notable,2026-10-04,0.0,Low,8.48,-5.11
Kent,Cold & Windy,Notable,2026-10-05,0.0,Low,7.5,-5.11
Newport,Cold & Windy,Notable,2026-09-06,0.0,Low,14.58,-3.96
Newport,Cold & Windy,Notable,2026-09-07,0.0,Low,12.5,-3.96
Newport,Cold & Windy,Notable,2026-09-08,0.0,Low,14.72,-3.96
Newport,Cold & Windy,Notable,2026-09-09,0.0,Low,17.86,-3.96
Newport,Cold & Windy,Notable,2026-09-10,0.0,Low,20.88,-3.96
Newport,Cold & Windy,Notable,2026-09-11,0.0,Low,16.56,-3.96
Newport,Cold & Windy,Notable,2026-09-12,0.0,Low,13.73,-3.96
Newport,Cold & Windy,Notable,2026-09-13,0.0,Low,14.87,-3.96
Newport,Cold & Windy,Notable,2026-09-14,0.0,Low,14.81,-3.96
Newport,Cold & Windy,Notable,2026-09-15,0.0,Low,15.32,-3.96
Newport,Cold & Windy,Notable,2026-09-16,0.0,Low,15.41,-3.96
Newport,Cold & Windy,Notable,2026-09-17,0.0,Low,13.99,-3.96
Newport,Cold & Windy,Notable,2026-09-18,0.0,Low,12.92,-3.96
Newport,Cold & Windy,Notable,2026-09-19,0.0,Low,13.07,-3.96
Newport,Cold & Windy,Notable,2026-09-20,0.0,Low,13.12,-3.96
Newport,Cold & Windy,Notable,2026-09-21,0.0,Low,12.73,-3.96
Newport,Cold & Windy,Notable,2026-09-22,0.0,Low,12.57,-3.96
Newport,Cold & Windy,Notable,2026-09-23,0.0,Low,11.97,-3.96
Newport,Cold & Windy,Notable,2026-09-24,0.0,Low,12.84,-3.96
Newport,Cold & Windy,Notable,2026-09-25,0.0,Low,12.67,-3.96
Newport,Cold & Windy,Notable,2026-09-26,0.0,Low,12.5,-3.96
Newport,Cold & Windy,Notable,2026-09-27,0.0,Low,11.79,-3.96
Newport,Cold & Windy,Notable,2026-09-28,0.0,Low,12.73,-3.96
Newport,Cold & Windy,Notable,2026-09-29,0.0,Low,12.91,-3.96
Newport,Cold & Windy,Notable,2026-09-30,0.0,Low,12.48,-3.96
Newport,Cold & Windy,Notable,2026-10-01,0.0,Low,12.22,-3.96
Newport,Cold & Windy,Notable,2026-10-02,0.0,Low,10.46,-3.96
Newport,Cold & Windy,Notable,2026-10-03,0.0,Low,10.43,-3.96
Newport,Cold & Windy,Notable,2026-10-04,0.0,Low,10.76,-3.96
Newport,Cold & Windy,Notable,2026-10-05,0.0,Low,9.75,-3.96
Providence,Cold & Windy,Notable,2026-09-06,0.0,Low,12.96,-4.6
Providence,Cold & Windy,Notable,2026-09-07,0.0,Low,10.2,-4.6
Providence,Cold & Windy,Notable,2026-09-08,0.0,Low,12.4,-4.6
Providence,Cold & Windy,Notable,2026-09-09,0.0,Low,15.98,-4.6
Providence,Cold & Windy,Notable,2026-09-10,0.0,Low,19.33,-4.6
Providence,Cold & Windy,Notable,2026-09-11,0.0,Low,14.71,-4.6
Providence,Cold & Windy,Notable,2026-09-12,0.0,Low,11.58,-4.6
Providence,Cold & Windy,Notable,2026-09-13,0.0,Low,13.01,-4.6
Providence,Cold & Windy,Notable,2026-09-14,0.0,Low,13.11,-4.6
Providence,Cold & Windy,Notable,2026-09-15,0.0,Low,13.52,-4.6
Providence,Cold & Windy,Notable,2026-09-16,0.0,Low,13.56,-4.6
Providence,Cold & Windy,Notable,2026-09-17,0.0,Low,11.94,-4.6
Providence,Cold & Windy,Notable,2026-09-18,0.0,Low,10.85,-4.6
Providence,Cold & Windy,Notable,2026-09-19,0.0,Low,11.08,-4.6
Providence,Cold & Windy,Notable,2026-09-20,0.0,Low,10.97,-4.6
Providence,Cold & Windy,Notable,2026-09-21,0.0,Low,10.58,-4.6
Providence,Cold & Windy,Notable,2026-09-22,0.0,Low,10.38,-4.6
Providence,Cold & Windy,Notable,2026-09-23,0.0,Low,9.89,-4.6
Providence,Cold & Windy,Notable,2026-09-24,0.0,Low,10.97,-4.6
Providence,Cold & Windy,Notable,2026-09-25,0.0,Low,10.58,-4.6
Providence,Cold & Windy,Notable,2026-09-26,0.0,Low,10.44,-4.6
Providence,Cold & Windy,Notable,2026-09-27,0.0,Low,9.68,-4.6
Providence,Cold & Windy,Notable,2026-09-28,0.0,Low,10.65,-4.6
Providence,Cold & Windy,Notable,2026-09-29,0.0,Low,11.03,-4.6
Providence,Cold & Windy,Notable,2026-09-30,0.0,Low,10.51,-4.6
Providence,Cold & Windy,Notable,2026-10-01,0.0,Low,10.1,-4.6
Providence,Cold & Windy,Notable,2026-10-02,0.0,Low,7.92,-4.6
Providence,Cold & Windy,Notable,2026-10-03,0.0,Low,8.15,-4.6
Providence,Cold & Windy,Notable,2026-10-04,0.0,Low,8.44,-4.6
Providence,Cold & Windy,Notable,2026-10-05,0.0,Low,7.34,-4.6
Washington,Cold & Windy,Notable,2026-09-06,0.0,Low,13.54,-4.74
Washington,Cold & Windy,Notable,2026-09-07,0.0,Low,11.09,-4.74
Washington,Cold & Windy,Notable,2026-09-08,0.0,Low,13.31,-4.74
Washington,Cold & Windy,Notable,2026-09-09,0.0,Low,16.77,-4.74
Washington,Cold & Windy,Notable,2026-09-10,0.0,Low,19.55,-4.74
Washington,Cold & Windy,Notable,2026-09-11,0.0,Low,15.34,-4.74
Washington,Cold & Windy,Notable,2026-09-12,0.0,Low,12.42,-4.74
Washington,Cold & Windy,Notable,2026-09-13,0.0,Low,13.64,-4.74
Washington,Cold & Windy,Notable,2026-09-14,0.0,Low,13.72,-4.74
Washington,Cold & Windy,Notable,2026-09-15,0.0,Low,14.15,-4.74
Washington,Cold & Windy,Notable,2026-09-16,0.0,Low,14.04,-4.74
Washington,Cold & Windy,Notable,2026-09-17,0.0,Low,12.62,-4.74
Washington,Cold & Windy,Notable,2026-09-18,0.0,Low,11.57,-4.74
Washington,Cold & Windy,Notable,2026-09-19,0.0,Low,11.72,-4.74
Washington,Cold & Windy,Notable,2026-09-20,0.0,Low,11.72,-4.74
Washington,Cold & Windy,Notable,2026-09-21,0.0,Low,11.38,-4.74
Washington,Cold & Windy,Notable,2026-09-22,0.0,Low,11.12,-4.74
Washington,Cold & Windy,Notable,2026-09-23,0.0,Low,10.48,-4.74
Washington,Cold & Windy,Notable,2026-09-24,0.0,Low,11.5,-4.74
Washington,Cold & Windy,Notable,2026-09-25,0.0,Low,11.25,-4.74
Washington,Cold & Windy,Notable,2026-09-26,0.0,Low,11.1,-4.74
Washington,Cold & Windy,Notable,2026-09-27,0.0,Low,10.52,-4.74
Washington,Cold & Windy,Notable,2026-09-28,0.0,Low,11.37,-4.74
Washington,Cold & Windy,Notable,2026-09-29,0.0,Low,11.59,-4.74
Washington,Cold & Windy,Notable,2026-09-30,0.0,Low,11.14,-4.74
Washington,Cold & Windy,Notable,2026-10-01,0.0,Low,10.81,-4.74
Washington,Cold & Windy,Notable,2026-10-02,0.0,Low,8.99,-4.74
Washington,Cold & Windy,Notable,2026-10-03,0.0,Low,8.84,-4.74
Washington,Cold & Windy,Notable,2026-10-04,0.0,Low,9.1,-4.74
Washington,Cold & Windy,Notable,2026-10-05,0.0,Low,8.18,-4.74
Bristol,Cold & Windy,Severe,2026-09-06,0.0,Low,14.11,-5.83
Bristol,Cold & Windy,Severe,2026-09-07,0.0,Low,11.84,-5.83
Bristol,Cold & Windy,Severe,2026-09-08,0.0,Low,13.96,-5.83
Bristol,Cold & Windy,Severe,2026-09-09,0.0,Low,17.35,-5.83
Bristol,Cold & Windy,Severe,2026-09-10,0.0,Low,20.67,-5.83
Bristol,Cold & Windy,Severe,2026-09-11,0.0,Low,16.14,-5.83
Bristol,Cold & Windy,Severe,2026-09-12,0.0,Low,13.08,-5.83
Bristol,Cold & Windy,Severe,2026-09-13,0.0,Low,14.38,-5.83
Bristol,Cold & Windy,Severe,2026-09-14,0.0,Low,14.28,-5.83
Bristol,Cold & Windy,Severe,2026-09-15,0.0,Low,14.79,-5.83
Bristol,Cold & Windy,Severe,2026-09-16,0.0,Low,15.02,-5.83
Bristol,Cold & Windy,Severe,2026-09-17,0.0,Low,13.54,-5.83
Bristol,Cold & Windy,Severe,2026-09-18,0.0,Low,12.52,-5.83
Bristol,Cold & Windy,Severe,2026-09-19,0.0,Low,12.65,-5.83
Bristol,Cold & Windy,Severe,2026-09-20,0.0,Low,12.73,-5.83
Bristol,Cold & Windy,Severe,2026-09-21,0.0,Low,12.18,-5.83
Bristol,Cold & Windy,Severe,2026-09-22,0.0,Low,12.01,-5.83
Bristol,Cold & Windy,Severe,2026-09-23,0.0,Low,11.41,-5.83
Bristol,Cold & Windy,Severe,2026-09-24,0.0,Low,12.44,-5.83
Bristol,Cold & Windy,Severe,2026-09-25,0.0,Low,12.2,-5.83
Bristol,Cold & Windy,Severe,2026-09-26,0.0,Low,12.06,-5.83
Bristol,Cold & Windy,Severe,2026-09-27,0.0,Low,11.2,-5.83
Bristol,Cold & Windy,Severe,2026-09-28,0.0,Low,12.3,-5.83
Bristol,Cold & Windy,Severe,2026-09-29,0.0,Low,12.54,-5.83
Bristol,Cold & Windy,Severe,2026-09-30,0.0,Low,12.05,-5.83
Bristol,Cold & Windy,Severe,2026-10-01,0.0,Low,11.72,-5.83
Bristol,Cold & Windy,Severe,2026-10-02,0.0,Low,9.61,-5.83
Bristol,Cold & Windy,Severe,2026-10-03,0.0,Low,9.65,-5.83
Bristol,Cold & Windy,Severe,2026-10-04,0.0,Low,9.96,-5.83
Bristol,Cold & Windy,Severe,2026-10-05,0.0,Low,8.95,-5.83
Kent,Cold & Windy,Severe,2026-09-06,0.0,Low,13.09,-6.84
Kent,Cold & Windy,Severe,2026-09-07,0.0,Low,10.46,-6.84
Kent,Cold & Windy,Severe,2026-09-08,0.0,Low,12.64,-6.84
Kent,Cold & Windy,Severe,2026-09-09,0.0,Low,16.29,-6.84
Kent,Cold & Windy,Severe,2026-09-10,0.0,Low,19.3,-6.84
Kent,Cold & Windy,Severe,2026-09-11,0.0,Low,14.92,-6.84
Kent,Cold & Windy,Severe,2026-09-12,0.0,Low,11.84,-6.84
Kent,Cold & Windy,Severe,2026-09-13,0.0,Low,13.15,-6.84
Kent,Cold & Windy,Severe,2026-09-14,0.0,Low,13.23,-6.84
Kent,Cold & Windy,Severe,2026-09-15,0.0,Low,13.7,-6.84
Kent,Cold & Windy,Severe,2026-09-16,0.0,Low,13.67,-6.84
Kent,Cold & Windy,Severe,2026-09-17,0.0,Low,12.19,-6.84
Kent,Cold & Windy,Severe,2026-09-18,0.0,Low,11.12,-6.84
Kent,Cold & Windy,Severe,2026-09-19,0.0,Low,11.35,-6.84
Kent,Cold & Windy,Severe,2026-09-20,0.0,Low,11.28,-6.84
Kent,Cold & Windy,Severe,2026-09-21,0.0,Low,10.88,-6.84
Kent,Cold & Windy,Severe,2026-09-22,0.0,Low,10.65,-6.84
Kent,Cold & Windy,Severe,2026-09-23,0.0,Low,10.02,-6.84
Kent,Cold & Windy,Severe,2026-09-24,0.0,Low,11.08,-6.84
Kent,Cold & Windy,Severe,2026-09-25,0.0,Low,10.79,-6.84
Kent,Cold & Windy,Severe,2026-09-26,0.0,Low,10.66,-6.84
Kent,Cold & Windy,Severe,2026-09-27,0.0,Low,9.94,-6.84
Kent,Cold & Windy,Severe,2026-09-28,0.0,Low,10.94,-6.84
Kent,Cold & Windy,Severe,2026-09-29,0.0,Low,11.21,-6.84
Kent,Cold & Windy,Severe,2026-09-30,0.0,Low,10.72,-6.84
Kent,Cold & Windy,Severe,2026-10-01,0.0,Low,10.34,-6.84
Kent,Cold & Windy,Severe,2026-10-02,0.0,Low,8.18,-6.84
Kent,Cold & Windy,Severe,2026-10-03,0.0,Low,8.23,-6.84
Kent,Cold & Windy,Severe,2026-10-04,0.0,Low,8.48,-6.84
Kent,Cold & Windy,Severe,2026-10-05,0.0,Low,7.5,-6.84
Newport,Cold & Windy,Severe,2026-09-06,0.0,Low,14.58,-5.34
Newport,Cold & Windy,Severe,2026-09-07,0.0,Low,12.5,-5.34
Newport,Cold & Windy,Severe,2026-09-08,0.0,Low,14.72,-5.34
Newport,Cold & Windy,Severe,2026-09-09,0.0,Low,17.86,-5.34
Newport,Cold & Windy,Severe,2026-09-10,0.0,Low,20.88,-5.34
Newport,Cold & Windy,Severe,2026-09-11,0.0,Low,16.56,-5.34
Newport,Cold & Windy,Severe,2026-09-12,0.0,Low,13.73,-5.34
Newport,Cold & Windy,Severe,2026-09-13,0.0,Low,14.87,-5.34
Newport,Cold & Windy,Severe,2026-09-14,0.0,Low,14.81,-5.34
Newport,Cold & Windy,Severe,2026-09-15,0.0,Low,15.32,-5.34
Newport,Cold & Windy,Severe,2026-09-16,0.0,Low,15.41,-5.34
Newport,Cold & Windy,Severe,2026-09-17,0.0,Low,13.99,-5.34
Newport,Cold & Windy,Severe,2026-09-18,0.0,Low,12.92,-5.34
Newport,Cold & Windy,Severe,2026-09-19,0.0,Low,13.07,-5.34
Newport,Cold & Windy,Severe,2026-09-20,0.0,Low,13.12,-5.34
Newport,Cold & Windy,Severe,2026-09-21,0.0,Low,12.73,-5.34
Newport,Cold & Windy,Severe,2026-09-22,0.0,Low,12.57,-5.34
Newport,Cold & Windy,Severe,2026-09-23,0.0,Low,11.97,-5.34
Newport,Cold & Windy,Severe,2026-09-24,0.0,Low,12.84,-5.34
Newport,Cold & Windy,Severe,2026-09-25,0.0,Low,12.67,-5.34
Newport,Cold & Windy,Severe,2026-09-26,0.0,Low,12.5,-5.34
Newport,Cold & Windy,Severe,2026-09-27,0.0,Low,11.79,-5.34
Newport,Cold & Windy,Severe,2026-09-28,0.0,Low,12.73,-5.34
Newport,Cold & Windy,Severe,2026-09-29,0.0,Low,12.91,-5.34
Newport,Cold & Windy,Severe,2026-09-30,0.0,Low,12.48,-5.34
Newport,Cold & Windy,Severe,2026-10-01,0.0,Low,12.22,-5.34
Newport,Cold & Windy,Severe,2026-10-02,0.0,Low,10.46,-5.34
Newport,Cold & Windy,Severe,2026-10-03,0.0,Low,10.43,-5.34
Newport,Cold & Windy,Severe,2026-10-04,0.0,Low,10.76,-5.34
Newport,Cold & Windy,Severe,2026-10-05,0.0,Low,9.75,-5.34
Providence,Cold & Windy,Severe,2026-09-06,0.0,Low,12.96,-7.14
Providence,Cold & Windy,Severe,2026-09-07,0.0,Low,10.2,-7.14
Providence,Cold & Windy,Severe,2026-09-08,0.0,Low,12.4,-7.14
Providence,Cold & Windy,Severe,2026-09-09,0.0,Low,15.98,-7.14
Providence,Cold & Windy,Severe,2026-09-10,0.0,Low,19.33,-7.14
Providence,Cold & Windy,Severe,2026-09-11,0.0,Low,14.71,-7.14
Providence,Cold & Windy,Severe,2026-09-12,0.0,Low,11.58,-7.14
Providence,Cold & Windy,Severe,2026-09-13,0.0,Low,13.01,-7.14
Providence,Cold & Windy,Severe,2026-09-14,0.0,Low,13.11,-7.14
Providence,Cold & Windy,Severe,2026-09-15,0.0,Low,13.52,-7.14
Providence,Cold & Windy,Severe,2026-09-16,0.0,Low,13.56,-7.14
Providence,Cold & Windy,Severe,2026-09-17,0.0,Low,11.94,-7.14
Providence,Cold & Windy,Severe,2026-09-18,0.0,Low,10.85,-7.14
Providence,Cold & Windy,Severe,2026-09-19,0.0,Low,11.08,-7.14
Providence,Cold & Windy,Severe,2026-09-20,0.0,Low,10.97,-7.14
Providence,Cold & Windy,Severe,2026-09-21,0.0,Low,10.58,-7.14
Providence,Cold & Windy,Severe,2026-09-22,0.0,Low,10.38,-7.14
Providence,Cold & Windy,Severe,2026-09-23,0.0,Low,9.89,-7.14
Providence,Cold & Windy,Severe,2026-09-24,0.0,Low,10.97,-7.14
Providence,Cold & Windy,Severe,2026-09-25,0.0,Low,10.58,-7.14
Providence,Cold & Windy,Severe,2026-09-26,0.0,Low,10.44,-7.14
Providence,Cold & Windy,Severe,2026-09-27,0.0,Low,9.68,-7.14
Providence,Cold & Windy,Severe,2026-09-28,0.0,Low,10.65,-7.14
Providence,Cold & Windy,Severe,2026-09-29,0.0,Low,11.03,-7.14
Providence,Cold & Windy,Severe,2026-09-30,0.0,Low,10.51,-7.14
Providence,Cold & Windy,Severe,2026-10-01,0.0,Low,10.1,-7.14
Providence,Cold & Windy,Severe,2026-10-02,0.0,Low,7.92,-7.14
Providence,Cold & Windy,Severe,2026-10-03,0.0,Low,8.15,-7.14
Providence,Cold & Windy,Severe,2026-10-04,0.0,Low,8.44,-7.14
Providence,Cold & Windy,Severe,2026-10-05,0.0,Low,7.34,-7.14
Washington,Cold & Windy,Severe,2026-09-06,0.0,Low,13.54,-6.04
Washington,Cold & Windy,Severe,2026-09-07,0.0,Low,11.09,-6.04
Washington,Cold & Windy,Severe,2026-09-08,0.0,Low,13.31,-6.04
Washington,Cold & Windy,Severe,2026-09-09,0.0,Low,16.77,-6.04
Washington,Cold & Windy,Severe,2026-09-10,0.0,Low,19.55,-6.04
Washington,Cold & Windy,Severe,2026-09-11,0.0,Low,15.34,-6.04
Washington,Cold & Windy,Severe,2026-09-12,0.0,Low,12.42,-6.04
Washington,Cold & Windy,Severe,2026-09-13,0.0,Low,13.64,-6.04
Washington,Cold & Windy,Severe,2026-09-14,0.0,Low,13.72,-6.04
Washington,Cold & Windy,Severe,2026-09-15,0.0,Low,14.15,-6.04
Washington,Cold & Windy,Severe,2026-09-16,0.0,Low,14.04,-6.04
Washington,Cold & Windy,Severe,2026-09-17,0.0,Low,12.62,-6.04
Washington,Cold & Windy,Severe,2026-09-18,0.0,Low,11.57,-6.04
Washington,Cold & Windy,Severe,2026-09-19,0.0,Low,11.72,-6.04
Washington,Cold & Windy,Severe,2026-09-20,0.0,Low,11.72,-6.04
Washington,Cold & Windy,Severe,2026-09-21,0.0,Low,11.38,-6.04
Washington,Cold & Windy,Severe,2026-09-22,0.0,Low,11.12,-6.04
Washington,Cold & Windy,Severe,2026-09-23,0.0,Low,10.48,-6.04
Washington,Cold & Windy,Severe,2026-09-24,0.0,Low,11.5,-6.04
Washington,Cold & Windy,Severe,2026-09-25,0.0,Low,11.25,-6.04
Washington,Cold & Windy,Severe,2026-09-26,0.0,Low,11.1,-6.04
Washington,Cold & Windy,Severe,2026-09-27,0.0,Low,10.52,-6.04
Washington,Cold & Windy,Severe,2026-09-28,0.0,Low,11.37,-6.04
Washington,Cold & Windy,Severe,2026-09-29,0.0,Low,11.59,-6.04
Washington,Cold & Windy,Severe,2026-09-30,0.0,Low,11.14,-6.04
Washington,Cold & Windy,Severe,2026-10-01,0.0,Low,10.81,-6.04
Washington,Cold & Windy,Severe,2026-10-02,0.0,Low,8.99,-6.04
Washington,Cold & Windy,Severe,2026-10-03,0.0,Low,8.84,-6.04
Washington,Cold & Windy,Severe,2026-10-04,0.0,Low,9.1,-6.04
Washington,Cold & Windy,Severe,2026-10-05,0.0,Low,8.18,-6.04
Bristol,Hot,Extreme,2026-09-06,0.0,Low,24.0,33.2
Bristol,Hot,Extreme,2026-09-07,0.0,Low,26.43,33.2
Bristol,Hot,Extreme,2026-09-08,0.0,Low,27.25,33.2
Bristol,Hot,Extreme,2026-09-09,2.1,Low,29.33,33.2
Bristol,Hot,Extreme,2026-09-10,4.2,Low,30.58,33.2
Bristol,Hot,Extreme,2026-09-11,0.0,Low,26.76,33.2
Bristol,Hot,Extreme,2026-09-12,0.0,Low,26.49,33.2
Bristol,Hot,Extreme,2026-09-13,0.0,Low,25.9,33.2
Bristol,Hot,Extreme,2026-09-14,0.0,Low,25.64,33.2
Bristol,Hot,Extreme,2026-09-15,2.1,Low,26.5,33.2
Bristol,Hot,Extreme,2026-09-16,0.0,Low,25.31,33.2
Bristol,Hot,Extreme,2026-09-17,0.0,Low,23.33,33.2
Bristol,Hot,Extreme,2026-09-18,0.0,Low,21.39,33.2
Bristol,Hot,Extreme,2026-09-19,0.0,Low,22.75,33.2
Bristol,Hot,Extreme,2026-09-20,0.0,Low,22.42,33.2
Bristol,Hot,Extreme,2026-09-21,0.0,Low,23.35,33.2
Bristol,Hot,Extreme,2026-09-22,0.0,Low,23.86,33.2
Bristol,Hot,Extreme,2026-09-23,0.0,Low,23.03,33.2
Bristol,Hot,Extreme,2026-09-24,0.0,Low,22.93,33.2
Bristol,Hot,Extreme,2026-09-25,0.0,Low,22.89,33.2
Bristol,Hot,Extreme,2026-09-26,0.0,Low,21.94,33.2
Bristol,Hot,Extreme,2026-09-27,0.0,Low,22.18,33.2
Bristol,Hot,Extreme,2026-09-28,0.0,Low,21.54,33.2
Bristol,Hot,Extreme,2026-09-29,0.0,Low,22.36,33.2
Bristol,Hot,Extreme,2026-09-30,0.0,Low,22.71,33.2
Bristol,Hot,Extreme,2026-10-01,0.0,Low,22.42,33.2
Bristol,Hot,Extreme,2026-10-02,0.0,Low,21.98,33.2
Bristol,Hot,Extreme,2026-10-03,0.0,Low,21.74,33.2
Bristol,Hot,Extreme,2026-10-04,0.0,Low,21.83,33.2
Bristol,Hot,Extreme,2026-10-05,0.0,Low,21.4,33.2
Kent,Hot,Extreme,2026-09-06,0.0,Low,23.45,33.0
Kent,Hot,Extreme,2026-09-07,0.0,Low,25.95,33.0
Kent,Hot,Extreme,2026-09-08,0.0,Low,26.77,33.0
Kent,Hot,Extreme,2026-09-09,0.0,Low,28.97,33.0
Kent,Hot,Extreme,2026-09-10,2.1,Low,30.0,33.0
Kent,Hot,Extreme,2026-09-11,0.0,Low,26.15,33.0
Kent,Hot,Extreme,2026-09-12,0.0,Low,26.09,33.0
Kent,Hot,Extreme,2026-09-13,0.0,Low,25.43,33.0
Kent,Hot,Extreme,2026-09-14,0.0,Low,25.22,33.0
Kent,Hot,Extreme,2026-09-15,2.1,Low,26.04,33.0
Kent,Hot,Extreme,2026-09-16,0.0,Low,24.86,33.0
Kent,Hot,Extreme,2026-09-17,0.0,Low,22.76,33.0
Kent,Hot,Extreme,2026-09-18,0.0,Low,20.88,33.0
Kent,Hot,Extreme,2026-09-19,0.0,Low,22.25,33.0
Kent,Hot,Extreme,2026-09-20,0.0,Low,21.93,33.0
Kent,Hot,Extreme,2026-09-21,0.0,Low,22.8,33.0
Kent,Hot,Extreme,2026-09-22,0.0,Low,23.29,33.0
Kent,Hot,Extreme,2026-09-23,0.0,Low,22.55,33.0
Kent,Hot,Extreme,2026-09-24,0.0,Low,22.37,33.0
Kent,Hot,Extreme,2026-09-25,0.0,Low,22.24,33.0
Kent,Hot,Extreme,2026-09-26,0.0,Low,21.44,33.0
Kent,Hot,Extreme,2026-09-27,0.0,Low,21.57,33.0
Kent,Hot,Extreme,2026-09-28,0.0,Low,21.03,33.0
Kent,Hot,Extreme,2026-09-29,0.0,Low,21.87,33.0
Kent,Hot,Extreme,2026-09-30,0.0,Low,22.04,33.0
Kent,Hot,Extreme,2026-10-01,0.0,Low,21.84,33.0
Kent,Hot,Extreme,2026-10-02,0.0,Low,21.42,33.0
Kent,Hot,Extreme,2026-10-03,0.0,Low,21.18,33.0
Kent,Hot,Extreme,2026-10-04,0.0,Low,21.21,33.0
Kent,Hot,Extreme,2026-10-05,0.0,Low,20.8,33.0
Newport,Hot,Extreme,2026-09-06,0.0,Low,23.25,31.36
Newport,Hot,Extreme,2026-09-07,0.0,Low,25.68,31.36
Newport,Hot,Extreme,2026-09-08,0.0,Low,26.53,31.36
Newport,Hot,Extreme,2026-09-09,2.1,Low,28.37,31.36
Newport,Hot,Extreme,2026-09-10,12.5,Moderate,29.71,31.36
Newport,Hot,Extreme,2026-09-11,0.0,Low,26.13,31.36
Newport,Hot,Extreme,2026-09-12,0.0,Low,25.67,31.36
Newport,Hot,Extreme,2026-09-13,0.0,Low,25.3,31.36
Newport,Hot,Extreme,2026-09-14,0.0,Low,25.05,31.36
Newport,Hot,Extreme,2026-09-15,2.1,Low,25.75,31.36
Newport,Hot,Extreme,2026-09-16,0.0,Low,24.59,31.36
Newport,Hot,Extreme,2026-09-17,0.0,Low,22.89,31.36
Newport,Hot,Extreme,2026-09-18,0.0,Low,21.08,31.36
Newport,Hot,Extreme,2026-09-19,0.0,Low,22.21,31.36
Newport,Hot,Extreme,2026-09-20,0.0,Low,21.95,31.36
Newport,Hot,Extreme,2026-09-21,0.0,Low,22.79,31.36
Newport,Hot,Extreme,2026-09-22,0.0,Low,23.15,31.36
Newport,Hot,Extreme,2026-09-23,0.0,Low,22.36,31.36
Newport,Hot,Extreme,2026-09-24,0.0,Low,22.35,31.36
Newport,Hot,Extreme,2026-09-25,0.0,Low,22.31,31.36
Newport,Hot,Extreme,2026-09-26,0.0,Low,21.39,31.36
Newport,Hot,Extreme,2026-09-27,0.0,Low,21.6,31.36
Newport,Hot,Extreme,2026-09-28,0.0,Low,21.02,31.36
Newport,Hot,Extreme,2026-09-29,0.0,Low,21.73,31.36
Newport,Hot,Extreme,2026-09-30,0.0,Low,22.11,31.36
Newport,Hot,Extreme,2026-10-01,0.0,Low,21.95,31.36
Newport,Hot,Extreme,2026-10-02,0.0,Low,21.48,31.36
Newport,Hot,Extreme,2026-10-03,0.0,Low,21.23,31.36
Newport,Hot,Extreme,2026-10-04,0.0,Low,21.32,31.36
Newport,Hot,Extreme,2026-10-05,0.0,Low,20.8,31.36
Providence,Hot,Extreme,2026-09-06,0.0,Low,23.13,32.8
Providence,Hot,Extreme,2026-09-07,0.0,Low,25.74,32.8
Providence,Hot,Extreme,2026-09-08,0.0,Low,26.58,32.8
Providence,Hot,Extreme,2026-09-09,2.1,Low,29.04,32.8
Providence,Hot,Extreme,2026-09-10,2.1,Low,29.86,32.8
Providence,Hot,Extreme,2026-09-11,0.0,Low,25.85,32.8
Providence,Hot,Extreme,2026-09-12,0.0,Low,25.87,32.8
Providence,Hot,Extreme,2026-09-13,0.0,Low,25.11,32.8
Providence,Hot,Extreme,2026-09-14,0.0,Low,24.97,32.8
Providence,Hot,Extreme,2026-09-15,2.1,Low,25.89,32.8
Providence,Hot,Extreme,2026-09-16,0.0,Low,24.74,32.8
Providence,Hot,Extreme,2026-09-17,0.0,Low,22.38,32.8
Providence,Hot,Extreme,2026-09-18,0.0,Low,20.52,32.8
Providence,Hot,Extreme,2026-09-19,0.0,Low,22.0,32.8
Providence,Hot,Extreme,2026-09-20,0.0,Low,21.8,32.8
Providence,Hot,Extreme,2026-09-21,0.0,Low,22.66,32.8
Providence,Hot,Extreme,2026-09-22,0.0,Low,23.3,32.8
Providence,Hot,Extreme,2026-09-23,0.0,Low,22.49,32.8
Providence,Hot,Extreme,2026-09-24,0.0,Low,22.26,32.8
Providence,Hot,Extreme,2026-09-25,0.0,Low,22.16,32.8
Providence,Hot,Extreme,2026-09-26,0.0,Low,21.37,32.8
Providence,Hot,Extreme,2026-09-27,0.0,Low,21.45,32.8
Providence,Hot,Extreme,2026-09-28,0.0,Low,20.87,32.8
Providence,Hot,Extreme,2026-09-29,0.0,Low,21.76,32.8
Providence,Hot,Extreme,2026-09-30,0.0,Low,21.83,32.8
Providence,Hot,Extreme,2026-10-01,0.0,Low,21.68,32.8
Providence,Hot,Extreme,2026-10-02,0.0,Low,21.3,32.8
Providence,Hot,Extreme,2026-10-03,0.0,Low,21.1,32.8
Providence,Hot,Extreme,2026-10-04,0.0,Low,21.1,32.8
Providence,Hot,Extreme,2026-10-05,0.0,Low,20.65,32.8
Washington,Hot,Extreme,2026-09-06,0.0,Low,23.39,31.88
Washington,Hot,Extreme,2026-09-07,0.0,Low,25.89,31.88
Washington,Hot,Extreme,2026-09-08,0.0,Low,26.75,31.88
Washington,Hot,Extreme,2026-09-09,2.1,Low,28.69,31.88
Washington,Hot,Extreme,2026-09-10,6.2,Low,29.82,31.88
Washington,Hot,Extreme,2026-09-11,0.0,Low,26.19,31.88
Washington,Hot,Extreme,2026-09-12,0.0,Low,25.95,31.88
Washington,Hot,Extreme,2026-09-13,0.0,Low,25.49,31.88
Washington,Hot,Extreme,2026-09-14,0.0,Low,25.31,31.88
Washington,Hot,Extreme,2026-09-15,2.1,Low,25.97,31.88
Washington,Hot,Extreme,2026-09-16,0.0,Low,24.84,31.88
Washington,Hot,Extreme,2026-09-17,0.0,Low,22.99,31.88
Washington,Hot,Extreme,2026-09-18,0.0,Low,21.22,31.88
Washington,Hot,Extreme,2026-09-19,0.0,Low,22.37,31.88
Washington,Hot,Extreme,2026-09-20,0.0,Low,22.15,31.88
Washington,Hot,Extreme,2026-09-21,0.0,Low,22.88,31.88
Washington,Hot,Extreme,2026-09-22,0.0,Low,23.24,31.88
Washington,Hot,Extreme,2026-09-23,0.0,Low,22.58,31.88
Washington,Hot,Extreme,2026-09-24,0.0,Low,22.45,31.88
Washington,Hot,Extreme,2026-09-25,0.0,Low,22.36,31.88
Washington,Hot,Extreme,2026-09-26,0.0,Low,21.55,31.88
Washington,Hot,Extreme,2026-09-27,0.0,Low,21.65,31.88
Washington,Hot,Extreme,2026-09-28,0.0,Low,21.18,31.88
Washington,Hot,Extreme,2026-09-29,0.0,Low,21.95,31.88
Washington,Hot,Extreme,2026-09-30,0.0,Low,22.14,31.88
Washington,Hot,Extreme,2026-10-01,0.0,Low,22.03,31.88
Washington,Hot,Extreme,2026-10-02,0.0,Low,21.63,31.88
Washington,Hot,Extreme,2026-10-03,0.0,Low,21.37,31.88
Washington,Hot,Extreme,2026-10-04,0.0,Low,21.35,31.88
Washington,Hot,Extreme,2026-10-05,0.0,Low,20.9,31.88
Bristol,Hot,Notable,2026-09-06,0.0,Low,24.0,30.23
Bristol,Hot,Notable,2026-09-07,0.0,Low,26.43,30.23
Bristol,Hot,Notable,2026-09-08,0.0,Low,27.25,30.23
Bristol,Hot,Notable,2026-09-09,35.4,High,29.33,30.23
Bristol,Hot,Notable,2026-09-10,64.6,Very High,30.58,30.23
Bristol,Hot,Notable,2026-09-11,0.0,Low,26.76,30.23
Bristol,Hot,Notable,2026-09-12,4.2,Low,26.49,30.23
Bristol,Hot,Notable,2026-09-13,8.3,Low,25.9,30.23
Bristol,Hot,Notable,2026-09-14,8.3,Low,25.64,30.23
Bristol,Hot,Notable,2026-09-15,16.7,Moderate,26.5,30.23
Bristol,Hot,Notable,2026-09-16,8.3,Low,25.31,30.23
Bristol,Hot,Notable,2026-09-17,2.1,Low,23.33,30.23
Bristol,Hot,Notable,2026-09-18,0.0,Low,21.39,30.23
Bristol,Hot,Notable,2026-09-19,0.0,Low,22.75,30.23
Bristol,Hot,Notable,2026-09-20,2.1,Low,22.42,30.23
Bristol,Hot,Notable,2026-09-21,4.2,Low,23.35,30.23
Bristol,Hot,Notable,2026-09-22,4.2,Low,23.86,30.23
Bristol,Hot,Notable,2026-09-23,0.0,Low,23.03,30.23
Bristol,Hot,Notable,2026-09-24,0.0,Low,22.93,30.23
Bristol,Hot,Notable,2026-09-25,2.1,Low,22.89,30.23
Bristol,Hot,Notable,2026-09-26,0.0,Low,21.94,30.23
Bristol,Hot,Notable,2026-09-27,0.0,Low,22.18,30.23
Bristol,Hot,Notable,2026-09-28,0.0,Low,21.54,30.23
Bristol,Hot,Notable,2026-09-29,2.1,Low,22.36,30.23
Bristol,Hot,Notable,2026-09-30,0.0,Low,22.71,30.23
Bristol,Hot,Notable,2026-10-01,0.0,Low,22.42,30.23
Bristol,Hot,Notable,2026-10-02,0.0,Low,21.98,30.23
Bristol,Hot,Notable,2026-10-03,0.0,Low,21.74,30.23
Bristol,Hot,Notable,2026-10-04,0.0,Low,21.83,30.23
Bristol,Hot,Notable,2026-10-05,0.0,Low,21.4,30.23
Kent,Hot,Notable,2026-09-06,0.0,Low,23.45,30.04
Kent,Hot,Notable,2026-09-07,0.0,Low,25.95,30.04
Kent,Hot,Notable,2026-09-08,0.0,Low,26.77,30.04
Kent,Hot,Notable,2026-09-09,33.3,High,28.97,30.04
Kent,Hot,Notable,2026-09-10,56.2,High,30.0,30.04
Kent,Hot,Notable,2026-09-11,0.0,Low,26.15,30.04
Kent,Hot,Notable,2026-09-12,4.2,Low,26.09,30.04
Kent,Hot,Notable,2026-09-13,6.2,Low,25.43,30.04
Kent,Hot,Notable,2026-09-14,6.2,Low,25.22,30.04
Kent,Hot,Notable,2026-09-15,14.6,Moderate,26.04,30.04
Kent,Hot,Notable,2026-09-16,6.2,Low,24.86,30.04
Kent,Hot,Notable,2026-09-17,0.0,Low,22.76,30.04
Kent,Hot,Notable,2026-09-18,0.0,Low,20.88,30.04
Kent,Hot,Notable,2026-09-19,0.0,Low,22.25,30.04
Kent,Hot,Notable,2026-09-20,0.0,Low,21.93,30.04
Kent,Hot,Notable,2026-09-21,2.1,Low,22.8,30.04
Kent,Hot,Notable,2026-09-22,2.1,Low,23.29,30.04
Kent,Hot,Notable,2026-09-23,0.0,Low,22.55,30.04
Kent,Hot,Notable,2026-09-24,0.0,Low,22.37,30.04
Kent,Hot,Notable,2026-09-25,0.0,Low,22.24,30.04
Kent,Hot,Notable,2026-09-26,0.0,Low,21.44,30.04
Kent,Hot,Notable,2026-09-27,0.0,Low,21.57,30.04
Kent,Hot,Notable,2026-09-28,0.0,Low,21.03,30.04
Kent,Hot,Notable,2026-09-29,2.1,Low,21.87,30.04
Kent,Hot,Notable,2026-09-30,0.0,Low,22.04,30.04
Kent,Hot,Notable,2026-10-01,0.0,Low,21.84,30.04
Kent,Hot,Notable,2026-10-02,0.0,Low,21.42,30.04
Kent,Hot,Notable,2026-10-03,0.0,Low,21.18,30.04
Kent,Hot,Notable,2026-10-04,0.0,Low,21.21,30.04
Kent,Hot,Notable,2026-10-05,0.0,Low,20.8,30.04
Newport,Hot,Notable,2026-09-06,0.0,Low,23.25,28.68
Newport,Hot,Notable,2026-09-07,0.0,Low,25.68,28.68
Newport,Hot,Notable,2026-09-08,0.0,Low,26.53,28.68
Newport,Hot,Notable,2026-09-09,47.9,High,28.37,28.68
Newport,Hot,Notable,2026-09-10,85.4,Very High,29.71,28.68
Newport,Hot,Notable,2026-09-11,12.5,Moderate,26.13,28.68
Newport,Hot,Notable,2026-09-12,12.5,Moderate,25.67,28.68
Newport,Hot,Notable,2026-09-13,10.4,Moderate,25.3,28.68
Newport,Hot,Notable,2026-09-14,8.3,Low,25.05,28.68
Newport,Hot,Notable,2026-09-15,18.8,Moderate,25.75,28.68
Newport,Hot,Notable,2026-09-16,12.5,Moderate,24.59,28.68
Newport,Hot,Notable,2026-09-17,2.1,Low,22.89,28.68
Newport,Hot,Notable,2026-09-18,2.1,Low,21.08,28.68
Newport,Hot,Notable,2026-09-19,0.0,Low,22.21,28.68
Newport,Hot,Notable,2026-09-20,2.1,Low,21.95,28.68
Newport,Hot,Notable,2026-09-21,4.2,Low,22.79,28.68
Newport,Hot,Notable,2026-09-22,4.2,Low,23.15,28.68
Newport,Hot,Notable,2026-09-23,0.0,Low,22.36,28.68
Newport,Hot,Notable,2026-09-24,0.0,Low,22.35,28.68
Newport,Hot,Notable,2026-09-25,2.1,Low,22.31,28.68
Newport,Hot,Notable,2026-09-26,0.0,Low,21.39,28.68
Newport,Hot,Notable,2026-09-27,0.0,Low,21.6,28.68
Newport,Hot,Notable,2026-09-28,0.0,Low,21.02,28.68
Newport,Hot,Notable,2026-09-29,2.1,Low,21.73,28.68
Newport,Hot,Notable,2026-09-30,0.0,Low,22.11,28.68
Newport,Hot,Notable,2026-10-01,0.0,Low,21.95,28.68
Newport,Hot,Notable,2026-10-02,0.0,Low,21.48,28.68
Newport,Hot,Notable,2026-10-03,0.0,Low,21.23,28.68
Newport,Hot,Notable,2026-10-04,0.0,Low,21.32,28.68
Newport,Hot,Notable,2026-10-05,0.0,Low,20.8,28.68
Providence,Hot,Notable,2026-09-06,0.0,Low,23.13,29.98
Providence,Hot,Notable,2026-09-07,0.0,Low,25.74,29.98
Providence,Hot,Notable,2026-09-08,0.0,Low,26.58,29.98
Providence,Hot,Notable,2026-09-09,37.5,High,29.04,29.98
Providence,Hot,Notable,2026-09-10,54.2,High,29.86,29.98
Providence,Hot,Notable,2026-09-11,0.0,Low,25.85,29.98
Providence,Hot,Notable,2026-09-12,4.2,Low,25.87,29.98
Providence,Hot,Notable,2026-09-13,6.2,Low,25.11,29.98
Providence,Hot,Notable,2026-09-14,8.3,Low,24.97,29.98
Providence,Hot,Notable,2026-09-15,14.6,Moderate,25.89,29.98
Providence,Hot,Notable,2026-09-16,6.2,Low,24.74,29.98
Providence,Hot,Notable,2026-09-17,0.0,Low,22.38,29.98
Providence,Hot,Notable,2026-09-18,0.0,Low,20.52,29.98
Providence,Hot,Notable,2026-09-19,0.0,Low,22.0,29.98
Providence,Hot,Notable,2026-09-20,2.1,Low,21.8,29.98
Providence,Hot,Notable,2026-09-21,4.2,Low,22.66,29.98
Providence,Hot,Notable,2026-09-22,4.2,Low,23.3,29.98
Providence,Hot,Notable,2026-09-23,0.0,Low,22.49,29.98
Providence,Hot,Notable,2026-09-24,0.0,Low,22.26,29.98
Providence,Hot,Notable,2026-09-25,2.1,Low,22.16,29.98
Providence,Hot,Notable,2026-09-26,0.0,Low,21.37,29.98
Providence,Hot,Notable,2026-09-27,0.0,Low,21.45,29.98
Providence,Hot,Notable,2026-09-28,0.0,Low,20.87,29.98
Providence,Hot,Notable,2026-09-29,2.1,Low,21.76,29.98
Providence,Hot,Notable,2026-09-30,0.0,Low,21.83,29.98
Providence,Hot,Notable,2026-10-01,0.0,Low,21.68,29.98
Providence,Hot,Notable,2026-10-02,0.0,Low,21.3,29.98
Providence,Hot,Notable,2026-10-03,0.0,Low,21.1,29.98
Providence,Hot,Notable,2026-10-04,0.0,Low,21.1,29.98
Providence,Hot,Notable,2026-10-05,0.0,Low,20.65,29.98
Washington,Hot,Notable,2026-09-06,0.0,Low,23.39,29.19
Washington,Hot,Notable,2026-09-07,0.0,Low,25.89,29.19
Washington,Hot,Notable,2026-09-08,0.0,Low,26.75,29.19
Washington,Hot,Notable,2026-09-09,41.7,High,28.69,29.19
Washington,Hot,Notable,2026-09-10,68.8,Very High,29.82,29.19
Washington,Hot,Notable,2026-09-11,4.2,Low,26.19,29.19
Washington,Hot,Notable,2026-09-12,10.4,Moderate,25.95,29.19
Washington,Hot,Notable,2026-09-13,10.4,Moderate,25.49,29.19
Washington,Hot,Notable,2026-09-14,8.3,Low,25.31,29.19
Washington,Hot,Notable,2026-09-15,16.7,Moderate,25.97,29.19
Washington,Hot,Notable,2026-09-16,12.5,Moderate,24.84,29.19
Washington,Hot,Notable,2026-09-17,2.1,Low,22.99,29.19
Washington,Hot,Notable,2026-09-18,0.0,Low,21.22,29.19
Washington,Hot,Notable,2026-09-19,0.0,Low,22.37,29.19
Washington,Hot,Notable,2026-09-20,2.1,Low,22.15,29.19
Washington,Hot,Notable,2026-09-21,4.2,Low,22.88,29.19
Washington,Hot,Notable,2026-09-22,4.2,Low,23.24,29.19
Washington,Hot,Notable,2026-09-23,0.0,Low,22.58,29.19
Washington,Hot,Notable,2026-09-24,0.0,Low,22.45,29.19
Washington,Hot,Notable,2026-09-25,2.1,Low,22.36,29.19
Washington,Hot,Notable,2026-09-26,0.0,Low,21.55,29.19
Washington,Hot,Notable,2026-09-27,0.0,Low,21.65,29.19
Washington,Hot,Notable,2026-09-28,0.0,Low,21.18,29.19
Washington,Hot,Notable,2026-09-29,2.1,Low,21.95,29.19
Washington,Hot,Notable,2026-09-30,0.0,Low,22.14,29.19
Washington,Hot,Notable,2026-10-01,0.0,Low,22.03,29.19
Washington,Hot,Notable,2026-10-02,0.0,Low,21.63,29.19
Washington,Hot,Notable,2026-10-03,0.0,Low,21.37,29.19
Washington,Hot,Notable,2026-10-04,0.0,Low,21.35,29.19
Washington,Hot,Notable,2026-10-05,0.0,Low,20.9,29.19
Bristol,Hot,Severe,2026-09-06,0.0,Low,24.0,31.64
Bristol,Hot,Severe,2026-09-07,0.0,Low,26.43,31.64
Bristol,Hot,Severe,2026-09-08,0.0,Low,27.25,31.64
Bristol,Hot,Severe,2026-09-09,10.4,Moderate,29.33,31.64
Bristol,Hot,Severe,2026-09-10,31.2,High,30.58,31.64
Bristol,Hot,Severe,2026-09-11,0.0,Low,26.76,31.64
Bristol,Hot,Severe,2026-09-12,2.1,Low,26.49,31.64
Bristol,Hot,Severe,2026-09-13,0.0,Low,25.9,31.64
Bristol,Hot,Severe,2026-09-14,0.0,Low,25.64,31.64
Bristol,Hot,Severe,2026-09-15,8.3,Low,26.5,31.64
Bristol,Hot,Severe,2026-09-16,2.1,Low,25.31,31.64
Bristol,Hot,Severe,2026-09-17,0.0,Low,23.33,31.64
Bristol,Hot,Severe,2026-09-18,0.0,Low,21.39,31.64
Bristol,Hot,Severe,2026-09-19,0.0,Low,22.75,31.64
Bristol,Hot,Severe,2026-09-20,0.0,Low,22.42,31.64
Bristol,Hot,Severe,2026-09-21,2.1,Low,23.35,31.64
Bristol,Hot,Severe,2026-09-22,2.1,Low,23.86,31.64
Bristol,Hot,Severe,2026-09-23,0.0,Low,23.03,31.64
Bristol,Hot,Severe,2026-09-24,0.0,Low,22.93,31.64
Bristol,Hot,Severe,2026-09-25,0.0,Low,22.89,31.64
Bristol,Hot,Severe,2026-09-26,0.0,Low,21.94,31.64
Bristol,Hot,Severe,2026-09-27,0.0,Low,22.18,31.64
Bristol,Hot,Severe,2026-09-28,0.0,Low,21.54,31.64
Bristol,Hot,Severe,2026-09-29,2.1,Low,22.36,31.64
Bristol,Hot,Severe,2026-09-30,0.0,Low,22.71,31.64
Bristol,Hot,Severe,2026-10-01,0.0,Low,22.42,31.64
Bristol,Hot,Severe,2026-10-02,0.0,Low,21.98,31.64
Bristol,Hot,Severe,2026-10-03,0.0,Low,21.74,31.64
Bristol,Hot,Severe,2026-10-04,0.0,Low,21.83,31.64
Bristol,Hot,Severe,2026-10-05,0.0,Low,21.4,31.64
Kent,Hot,Severe,2026-09-06,0.0,Low,23.45,31.47
Kent,Hot,Severe,2026-09-07,0.0,Low,25.95,31.47
Kent,Hot,Severe,2026-09-08,0.0,Low,26.77,31.47
Kent,Hot,Severe,2026-09-09,4.2,Low,28.97,31.47
Kent,Hot,Severe,2026-09-10,18.8,Moderate,30.0,31.47
Kent,Hot,Severe,2026-09-11,0.0,Low,26.15,31.47
Kent,Hot,Severe,2026-09-12,0.0,Low,26.09,31.47
Kent,Hot,Severe,2026-09-13,0.0,Low,25.43,31.47
Kent,Hot,Severe,2026-09-14,0.0,Low,25.22,31.47
Kent,Hot,Severe,2026-09-15,6.2,Low,26.04,31.47
Kent,Hot,Severe,2026-09-16,2.1,Low,24.86,31.47
Kent,Hot,Severe,2026-09-17,0.0,Low,22.76,31.47
Kent,Hot,Severe,2026-09-18,0.0,Low,20.88,31.47
Kent,Hot,Severe,2026-09-19,0.0,Low,22.25,31.47
Kent,Hot,Severe,2026-09-20,0.0,Low,21.93,31.47
Kent,Hot,Severe,2026-09-21,0.0,Low,22.8,31.47
Kent,Hot,Severe,2026-09-22,2.1,Low,23.29,31.47
Kent,Hot,Severe,2026-09-23,0.0,Low,22.55,31.47
Kent,Hot,Severe,2026-09-24,0.0,Low,22.37,31.47
Kent,Hot,Severe,2026-09-25,0.0,Low,22.24,31.47
Kent,Hot,Severe,2026-09-26,0.0,Low,21.44,31.47
Kent,Hot,Severe,2026-09-27,0.0,Low,21.57,31.47
Kent,Hot,Severe,2026-09-28,0.0,Low,21.03,31.47
Kent,Hot,Severe,2026-09-29,2.1,Low,21.87,31.47
Kent,Hot,Severe,2026-09-30,0.0,Low,22.04,31.47
Kent,Hot,Severe,2026-10-01,0.0,Low,21.84,31.47
Kent,Hot,Severe,2026-10-02,0.0,Low,21.42,31.47
Kent,Hot,Severe,2026-10-03,0.0,Low,21.18,31.47
Kent,Hot,Severe,2026-10-04,0.0,Low,21.21,31.47
Kent,Hot,Severe,2026-10-05,0.0,Low,20.8,31.47
Newport,Hot,Severe,2026-09-06,0.0,Low,23.25,30.0
Newport,Hot,Severe,2026-09-07,0.0,Low,25.68,30.0
Newport,Hot,Severe,2026-09-08,0.0,Low,26.53,30.0
Newport,Hot,Severe,2026-09-09,25.0,Moderate,28.37,30.0
Newport,Hot,Severe,2026-09-10,41.7,High,29.71,30.0
Newport,Hot,Severe,2026-09-11,0.0,Low,26.13,30.0
Newport,Hot,Severe,2026-09-12,4.2,Low,25.67,30.0
Newport,Hot,Severe,2026-09-13,4.2,Low,25.3,30.0
Newport,Hot,Severe,2026-09-14,4.2,Low,25.05,30.0
Newport,Hot,Severe,2026-09-15,12.5,Moderate,25.75,30.0
Newport,Hot,Severe,2026-09-16,6.2,Low,24.59,30.0
Newport,Hot,Severe,2026-09-17,0.0,Low,22.89,30.0
Newport,Hot,Severe,2026-09-18,0.0,Low,21.08,30.0
Newport,Hot,Severe,2026-09-19,0.0,Low,22.21,30.0
Newport,Hot,Severe,2026-09-20,0.0,Low,21.95,30.0
Newport,Hot,Severe,2026-09-21,2.1,Low,22.79,30.0
Newport,Hot,Severe,2026-09-22,2.1,Low,23.15,30.0
Newport,Hot,Severe,2026-09-23,0.0,Low,22.36,30.0
Newport,Hot,Severe,2026-09-24,0.0,Low,22.35,30.0
Newport,Hot,Severe,2026-09-25,0.0,Low,22.31,30.0
Newport,Hot,Severe,2026-09-26,0.0,Low,21.39,30.0
Newport,Hot,Severe,2026-09-27,0.0,Low,21.6,30.0
Newport,Hot,Severe,2026-09-28,0.0,Low,21.02,30.0
Newport,Hot,Severe,2026-09-29,2.1,Low,21.73,30.0
Newport,Hot,Severe,2026-09-30,0.0,Low,22.11,30.0
Newport,Hot,Severe,2026-10-01,0.0,Low,21.95,30.0
Newport,Hot,Severe,2026-10-02,0.0,Low,21.48,30.0
Newport,Hot,Severe,2026-10-03,0.0,Low,21.23,30.0
Newport,Hot,Severe,2026-10-04,0.0,Low,21.32,30.0
Newport,Hot,Severe,2026-10-05,0.0,Low,20.8,30.0
Providence,Hot,Severe,2026-09-06,0.0,Low,23.13,31.4
Providence,Hot,Severe,2026-09-07,0.0,Low,25.74,31.4
Providence,Hot,Severe,2026-09-08,0.0,Low,26.58,31.4
Providence,Hot,Severe,2026-09-09,8.3,Low,29.04,31.4
Providence,Hot,Severe,2026-09-10,20.8,Moderate,29.86,31.4
Providence,Hot,Severe,2026-09-11,0.0,Low,25.85,31.4
Providence,Hot,Severe,2026-09-12,0.0,Low,25.87,31.4
Providence,Hot,Severe,2026-09-13,0.0,Low,25.11,31.4
Providence,Hot,Severe,2026-09-14,0.0,Low,24.97,31.4
Providence,Hot,Severe,2026-09-15,8.3,Low,25.89,31.4
Providence,Hot,Severe,2026-09-16,4.2,Low,24.74,31.4
Providence,Hot,Severe,2026-09-17,0.0,Low,22.38,31.4
Providence,Hot,Severe,2026-09-18,0.0,Low,20.52,31.4
Providence,Hot,Severe,2026-09-19,0.0,Low,22.0,31.4
Providence,Hot,Severe,2026-09-20,0.0,Low,21.8,31.4
Providence,Hot,Severe,2026-09-21,2.1,Low,22.66,31.4
Providence,Hot,Severe,2026-09-22,2.1,Low,23.3,31.4
Providence,Hot,Severe,2026-09-23,0.0,Low,22.49,31.4
Providence,Hot,Severe,2026-09-24,0.0,Low,22.26,31.4
Providence,Hot,Severe,2026-09-25,0.0,Low,22.16,31.4
Providence,Hot,Severe,2026-09-26,0.0,Low,21.37,31.4
Providence,Hot,Severe,2026-09-27,0.0,Low,21.45,31.4
Providence,Hot,Severe,2026-09-28,0.0,Low,20.87,31.4
Providence,Hot,Severe,2026-09-29,2.1,Low,21.76,31.4
Providence,Hot,Severe,2026-09-30,0.0,Low,21.83,31.4
Providence,Hot,Severe,2026-10-01,0.0,Low,21.68,31.4
Providence,Hot,Severe,2026-10-02,0.0,Low,21.3,31.4
Providence,Hot,Severe,2026-10-03,0.0,Low,21.1,31.4
Providence,Hot,Severe,2026-10-04,0.0,Low,21.1,31.4
Providence,Hot,Severe,2026-10-05,0.0,Low,20.65,31.4
Washington,Hot,Severe,2026-09-06,0.0,Low,23.39,30.49
Washington,Hot,Severe,2026-09-07,0.0,Low,25.89,30.49
Washington,Hot,Severe,2026-09-08,0.0,Low,26.75,30.49
Washington,Hot,Severe,2026-09-09,14.6,Moderate,28.69,30.49
Washington,Hot,Severe,2026-09-10,35.4,High,29.82,30.49
Washington,Hot,Severe,2026-09-11,0.0,Low,26.19,30.49
Washington,Hot,Severe,2026-09-12,2.1,Low,25.95,30.49
Washington,Hot,Severe,2026-09-13,4.2,Low,25.49,30.49
Washington,Hot,Severe,2026-09-14,2.1,Low,25.31,30.49
Washington,Hot,Severe,2026-09-15,10.4,Moderate,25.97,30.49
Washington,Hot,Severe,2026-09-16,4.2,Low,24.84,30.49
Washington,Hot,Severe,2026-09-17,0.0,Low,22.99,30.49
Washington,Hot,Severe,2026-09-18,0.0,Low,21.22,30.49
Washington,Hot,Severe,2026-09-19,0.0,Low,22.37,30.49
Washington,Hot,Severe,2026-09-20,0.0,Low,22.15,30.49
Washington,Hot,Severe,2026-09-21,2.1,Low,22.88,30.49
Washington,Hot,Severe,2026-09-22,2.1,Low,23.24,30.49
Washington,Hot,Severe,2026-09-23,0.0,Low,22.58,30.49
Washington,Hot,Severe,2026-09-24,0.0,Low,22.45,30.49
Washington,Hot,Severe,2026-09-25,0.0,Low,22.36,30.49
Washington,Hot,Severe,2026-09-26,0.0,Low,21.55,30.49
Washington,Hot,Severe,2026-09-27,0.0,Low,21.65,30.49
Washington,Hot,Severe,2026-09-28,0.0,Low,21.18,30.49
Washington,Hot,Severe,2026-09-29,2.1,Low,21.95,30.49
Washington,Hot,Severe,2026-09-30,0.0,Low,22.14,30.49
Washington,Hot,Severe,2026-10-01,0.0,Low,22.03,30.49
Washington,Hot,Severe,2026-10-02,0.0,Low,21.63,30.49
Washington,Hot,Severe,2026-10-03,0.0,Low,21.37,30.49
Washington,Hot,Severe,2026-10-04,0.0,Low,21.35,30.49
Washington,Hot,Severe,2026-10-05,0.0,Low,20.9,30.49
Bristol,Hot & Humid,Extreme,2026-09-06,0.0,Low,24.0,28.11
Bristol,Hot & Humid,Extreme,2026-09-07,0.0,Low,26.43,28.11
Bristol,Hot & Humid,Extreme,2026-09-08,0.0,Low,27.25,28.11
Bristol,Hot & Humid,Extreme,2026-09-09,0.0,Low,29.33,28.11
Bristol,Hot & Humid,Extreme,2026-09-10,0.0,Low,30.58,28.11
Bristol,Hot & Humid,Extreme,2026-09-11,0.0,Low,26.76,28.11
Bristol,Hot & Humid,Extreme,2026-09-12,0.0,Low,26.49,28.11
Bristol,Hot & Humid,Extreme,2026-09-13,0.0,Low,25.9,28.11
Bristol,Hot & Humid,Extreme,2026-09-14,0.0,Low,25.64,28.11
Bristol,Hot & Humid,Extreme,2026-09-15,0.0,Low,26.5,28.11
Bristol,Hot & Humid,Extreme,2026-09-16,0.0,Low,25.31,28.11
Bristol,Hot & Humid,Extreme,2026-09-17,0.0,Low,23.33,28.11
Bristol,Hot & Humid,Extreme,2026-09-18,0.0,Low,21.39,28.11
Bristol,Hot & Humid,Extreme,2026-09-19,0.0,Low,22.75,28.11
Bristol,Hot & Humid,Extreme,2026-09-20,0.0,Low,22.42,28.11
Bristol,Hot & Humid,Extreme,2026-09-21,0.0,Low,23.35,28.11
Bristol,Hot & Humid,Extreme,2026-09-22,0.0,Low,23.86,28.11
Bristol,Hot & Humid,Extreme,2026-09-23,0.0,Low,23.03,28.11
Bristol,Hot & Humid,Extreme,2026-09-24,0.0,Low,22.93,28.11
Bristol,Hot & Humid,Extreme,2026-09-25,0.0,Low,22.89,28.11
Bristol,Hot & Humid,Extreme,2026-09-26,0.0,Low,21.94,28.11
Bristol,Hot & Humid,Extreme,2026-09-27,0.0,Low,22.18,28.11
Bristol,Hot & Humid,Extreme,2026-09-28,0.0,Low,21.54,28.11
Bristol,Hot & Humid,Extreme,2026-09-29,0.0,Low,22.36,28.11
Bristol,Hot & Humid,Extreme,2026-09-30,0.0,Low,22.71,28.11
Bristol,Hot & Humid,Extreme,2026-10-01,0.0,Low,22.42,28.11
Bristol,Hot & Humid,Extreme,2026-10-02,0.0,Low,21.98,28.11
Bristol,Hot & Humid,Extreme,2026-10-03,0.0,Low,21.74,28.11
Bristol,Hot & Humid,Extreme,2026-10-04,0.0,Low,21.83,28.11
Bristol,Hot & Humid,Extreme,2026-10-05,0.0,Low,21.4,28.11
Kent,Hot & Humid,Extreme,2026-09-06,0.0,Low,23.45,27.44
Kent,Hot & Humid,Extreme,2026-09-07,0.0,Low,25.95,27.44
Kent,Hot & Humid,Extreme,2026-09-08,0.0,Low,26.77,27.44
Kent,Hot & Humid,Extreme,2026-09-09,0.0,Low,28.97,27.44
Kent,Hot & Humid,Extreme,2026-09-10,0.0,Low,30.0,27.44
Kent,Hot & Humid,Extreme,2026-09-11,0.0,Low,26.15,27.44
Kent,Hot & Humid,Extreme,2026-09-12,0.0,Low,26.09,27.44
Kent,Hot & Humid,Extreme,2026-09-13,0.0,Low,25.43,27.44
Kent,Hot & Humid,Extreme,2026-09-14,0.0,Low,25.22,27.44
Kent,Hot & Humid,Extreme,2026-09-15,0.0,Low,26.04,27.44
Kent,Hot & Humid,Extreme,2026-09-16,0.0,Low,24.86,27.44
Kent,Hot & Humid,Extreme,2026-09-17,0.0,Low,22.76,27.44
Kent,Hot & Humid,Extreme,2026-09-18,0.0,Low,20.88,27.44
Kent,Hot & Humid,Extreme,2026-09-19,0.0,Low,22.25,27.44
Kent,Hot & Humid,Extreme,2026-09-20,0.0,Low,21.93,27.44
Kent,Hot & Humid,Extreme,2026-09-21,0.0,Low,22.8,27.44
Kent,Hot & Humid,Extreme,2026-09-22,0.0,Low,23.29,27.44
Kent,Hot & Humid,Extreme,2026-09-23,0.0,Low,22.55,27.44
Kent,Hot & Humid,Extreme,2026-09-24,0.0,Low,22.37,27.44
Kent,Hot & Humid,Extreme,2026-09-25,0.0,Low,22.24,27.44
Kent,Hot & Humid,Extreme,2026-09-26,0.0,Low,21.44,27.44
Kent,Hot & Humid,Extreme,2026-09-27,0.0,Low,21.57,27.44
Kent,Hot & Humid,Extreme,2026-09-28,0.0,Low,21.03,27.44
Kent,Hot & Humid,Extreme,2026-09-29,0.0,Low,21.87,27.44
Kent,Hot & Humid,Extreme,2026-09-30,0.0,Low,22.04,27.44
Kent,Hot & Humid,Extreme,2026-10-01,0.0,Low,21.84,27.44
Kent,Hot & Humid,Extreme,2026-10-02,0.0,Low,21.42,27.44
Kent,Hot & Humid,Extreme,2026-10-03,0.0,Low,21.18,27.44
Kent,Hot & Humid,Extreme,2026-10-04,0.0,Low,21.21,27.44
Kent,Hot & Humid,Extreme,2026-10-05,0.0,Low,20.8,27.44
Newport,Hot & Humid,Extreme,2026-09-06,0.0,Low,23.25,26.54
Newport,Hot & Humid,Extreme,2026-09-07,0.0,Low,25.68,26.54
Newport,Hot & Humid,Extreme,2026-09-08,0.0,Low,26.53,26.54
Newport,Hot & Humid,Extreme,2026-09-09,0.0,Low,28.37,26.54
Newport,Hot & Humid,Extreme,2026-09-10,0.0,Low,29.71,26.54
Newport,Hot & Humid,Extreme,2026-09-11,0.0,Low,26.13,26.54
Newport,Hot & Humid,Extreme,2026-09-12,0.0,Low,25.67,26.54
Newport,Hot & Humid,Extreme,2026-09-13,0.0,Low,25.3,26.54
Newport,Hot & Humid,Extreme,2026-09-14,0.0,Low,25.05,26.54
Newport,Hot & Humid,Extreme,2026-09-15,0.0,Low,25.75,26.54
Newport,Hot & Humid,Extreme,2026-09-16,0.0,Low,24.59,26.54
Newport,Hot & Humid,Extreme,2026-09-17,0.0,Low,22.89,26.54
Newport,Hot & Humid,Extreme,2026-09-18,0.0,Low,21.08,26.54
Newport,Hot & Humid,Extreme,2026-09-19,0.0,Low,22.21,26.54
Newport,Hot & Humid,Extreme,2026-09-20,0.0,Low,21.95,26.54
Newport,Hot & Humid,Extreme,2026-09-21,0.0,Low,22.79,26.54
Newport,Hot & Humid,Extreme,2026-09-22,0.0,Low,23.15,26.54
Newport,Hot & Humid,Extreme,2026-09-23,0.0,Low,22.36,26.54
Newport,Hot & Humid,Extreme,2026-09-24,0.0,Low,22.35,26.54
Newport,Hot & Humid,Extreme,2026-09-25,0.0,Low,22.31,26.54
Newport,Hot & Humid,Extreme,2026-09-26,0.0,Low,21.39,26.54
Newport,Hot & Humid,Extreme,2026-09-27,0.0,Low,21.6,26.54
Newport,Hot & Humid,Extreme,2026-09-28,0.0,Low,21.02,26.54
Newport,Hot & Humid,Extreme,2026-09-29,0.0,Low,21.73,26.54
Newport,Hot & Humid,Extreme,2026-09-30,0.0,Low,22.11,26.54
Newport,Hot & Humid,Extreme,2026-10-01,0.0,Low,21.95,26.54
Newport,Hot & Humid,Extreme,2026-10-02,0.0,Low,21.48,26.54
Newport,Hot & Humid,Extreme,2026-10-03,0.0,Low,21.23,26.54
Newport,Hot & Humid,Extreme,2026-10-04,0.0,Low,21.32,26.54
Newport,Hot & Humid,Extreme,2026-10-05,0.0,Low,20.8,26.54
Providence,Hot & Humid,Extreme,2026-09-06,0.0,Low,23.13,27.69
Providence,Hot & Humid,Extreme,2026-09-07,0.0,Low,25.74,27.69
Providence,Hot & Humid,Extreme,2026-09-08,0.0,Low,26.58,27.69
Providence,Hot & Humid,Extreme,2026-09-09,0.0,Low,29.04,27.69
Providence,Hot & Humid,Extreme,2026-09-10,0.0,Low,29.86,27.69
Providence,Hot & Humid,Extreme,2026-09-11,0.0,Low,25.85,27.69
Providence,Hot & Humid,Extreme,2026-09-12,0.0,Low,25.87,27.69
Providence,Hot & Humid,Extreme,2026-09-13,0.0,Low,25.11,27.69
Providence,Hot & Humid,Extreme,2026-09-14,0.0,Low,24.97,27.69
Providence,Hot & Humid,Extreme,2026-09-15,0.0,Low,25.89,27.69
Providence,Hot & Humid,Extreme,2026-09-16,0.0,Low,24.74,27.69
Providence,Hot & Humid,Extreme,2026-09-17,0.0,Low,22.38,27.69
Providence,Hot & Humid,Extreme,2026-09-18,0.0,Low,20.52,27.69
Providence,Hot & Humid,Extreme,2026-09-19,0.0,Low,22.0,27.69
Providence,Hot & Humid,Extreme,2026-09-20,0.0,Low,21.8,27.69
Providence,Hot & Humid,Extreme,2026-09-21,0.0,Low,22.66,27.69
Providence,Hot & Humid,Extreme,2026-09-22,0.0,Low,23.3,27.69
Providence,Hot & Humid,Extreme,2026-09-23,0.0,Low,22.49,27.69
Providence,Hot & Humid,Extreme,2026-09-24,0.0,Low,22.26,27.69
Providence,Hot & Humid,Extreme,2026-09-25,0.0,Low,22.16,27.69
Providence,Hot & Humid,Extreme,2026-09-26,0.0,Low,21.37,27.69
Providence,Hot & Humid,Extreme,2026-09-27,0.0,Low,21.45,27.69
Providence,Hot & Humid,Extreme,2026-09-28,0.0,Low,20.87,27.69
Providence,Hot & Humid,Extreme,2026-09-29,0.0,Low,21.76,27.69
Providence,Hot & Humid,Extreme,2026-09-30,0.0,Low,21.83,27.69
Providence,Hot & Humid,Extreme,2026-10-01,0.0,Low,21.68,27.69
Providence,Hot & Humid,Extreme,2026-10-02,0.0,Low,21.3,27.69
Providence,Hot & Humid,Extreme,2026-10-03,0.0,Low,21.1,27.69
Providence,Hot & Humid,Extreme,2026-10-04,0.0,Low,21.1,27.69
Providence,Hot & Humid,Extreme,2026-10-05,0.0,Low,20.65,27.69
Washington,Hot & Humid,Extreme,2026-09-06,0.0,Low,23.39,27.31
Washington,Hot & Humid,Extreme,2026-09-07,0.0,Low,25.89,27.31
Washington,Hot & Humid,Extreme,2026-09-08,0.0,Low,26.75,27.31
Washington,Hot & Humid,Extreme,2026-09-09,0.0,Low,28.69,27.31
Washington,Hot & Humid,Extreme,2026-09-10,0.0,Low,29.82,27.31
Washington,Hot & Humid,Extreme,2026-09-11,0.0,Low,26.19,27.31
Washington,Hot & Humid,Extreme,2026-09-12,0.0,Low,25.95,27.31
Washington,Hot & Humid,Extreme,2026-09-13,0.0,Low,25.49,27.31
Washington,Hot & Humid,Extreme,2026-09-14,0.0,Low,25.31,27.31
Washington,Hot & Humid,Extreme,2026-09-15,0.0,Low,25.97,27.31
Washington,Hot & Humid,Extreme,2026-09-16,0.0,Low,24.84,27.31
Washington,Hot & Humid,Extreme,2026-09-17,0.0,Low,22.99,27.31
Washington,Hot & Humid,Extreme,2026-09-18,0.0,Low,21.22,27.31
Washington,Hot & Humid,Extreme,2026-09-19,0.0,Low,22.37,27.31
Washington,Hot & Humid,Extreme,2026-09-20,0.0,Low,22.15,27.31
Washington,Hot & Humid,Extreme,2026-09-21,0.0,Low,22.88,27.31
Washington,Hot & Humid,Extreme,2026-09-22,0.0,Low,23.24,27.31
Washington,Hot & Humid,Extreme,2026-09-23,0.0,Low,22.58,27.31
Washington,Hot & Humid,Extreme,2026-09-24,0.0,Low,22.45,27.31
Washington,Hot & Humid,Extreme,2026-09-25,0.0,Low,22.36,27.31
Washington,Hot & Humid,Extreme,2026-09-26,0.0,Low,21.55,27.31
Washington,Hot & Humid,Extreme,2026-09-27,0.0,Low,21.65,27.31
Washington,Hot & Humid,Extreme,2026-09-28,0.0,Low,21.18,27.31
Washington,Hot & Humid,Extreme,2026-09-29,0.0,Low,21.95,27.31
Washington,Hot & Humid,Extreme,2026-09-30,0.0,Low,22.14,27.31
Washington,Hot & Humid,Extreme,2026-10-01,0.0,Low,22.03,27.31
Washington,Hot & Humid,Extreme,2026-10-02,0.0,Low,21.63,27.31
Washington,Hot & Humid,Extreme,2026-10-03,0.0,Low,21.37,27.31
Washington,Hot & Humid,Extreme,2026-10-04,0.0,Low,21.35,27.31
Washington,Hot & Humid,Extreme,2026-10-05,0.0,Low,20.9,27.31
Bristol,Hot & Humid,Notable,2026-09-06,0.0,Low,24.0,25.58
Bristol,Hot & Humid,Notable,2026-09-07,0.0,Low,26.43,25.58
Bristol,Hot & Humid,Notable,2026-09-08,0.0,Low,27.25,25.58
Bristol,Hot & Humid,Notable,2026-09-09,0.0,Low,29.33,25.58
Bristol,Hot & Humid,Notable,2026-09-10,0.0,Low,30.58,25.58
Bristol,Hot & Humid,Notable,2026-09-11,0.0,Low,26.76,25.58
Bristol,Hot & Humid,Notable,2026-09-12,4.2,Low,26.49,25.58
Bristol,Hot & Humid,Notable,2026-09-13,0.0,Low,25.9,25.58
Bristol,Hot & Humid,Notable,2026-09-14,0.0,Low,25.64,25.58
Bristol,Hot & Humid,Notable,2026-09-15,0.0,Low,26.5,25.58
Bristol,Hot & Humid,Notable,2026-09-16,0.0,Low,25.31,25.58
Bristol,Hot & Humid,Notable,2026-09-17,0.0,Low,23.33,25.58
Bristol,Hot & Humid,Notable,2026-09-18,0.0,Low,21.39,25.58
Bristol,Hot & Humid,Notable,2026-09-19,0.0,Low,22.75,25.58
Bristol,Hot & Humid,Notable,2026-09-20,0.0,Low,22.42,25.58
Bristol,Hot & Humid,Notable,2026-09-21,0.0,Low,23.35,25.58
Bristol,Hot & Humid,Notable,2026-09-22,0.0,Low,23.86,25.58
Bristol,Hot & Humid,Notable,2026-09-23,0.0,Low,23.03,25.58
Bristol,Hot & Humid,Notable,2026-09-24,2.1,Low,22.93,25.58
Bristol,Hot & Humid,Notable,2026-09-25,0.0,Low,22.89,25.58
Bristol,Hot & Humid,Notable,2026-09-26,0.0,Low,21.94,25.58
Bristol,Hot & Humid,Notable,2026-09-27,0.0,Low,22.18,25.58
Bristol,Hot & Humid,Notable,2026-09-28,0.0,Low,21.54,25.58
Bristol,Hot & Humid,Notable,2026-09-29,0.0,Low,22.36,25.58
Bristol,Hot & Humid,Notable,2026-09-30,0.0,Low,22.71,25.58
Bristol,Hot & Humid,Notable,2026-10-01,0.0,Low,22.42,25.58
Bristol,Hot & Humid,Notable,2026-10-02,0.0,Low,21.98,25.58
Bristol,Hot & Humid,Notable,2026-10-03,0.0,Low,21.74,25.58
Bristol,Hot & Humid,Notable,2026-10-04,0.0,Low,21.83,25.58
Bristol,Hot & Humid,Notable,2026-10-05,0.0,Low,21.4,25.58
Kent,Hot & Humid,Notable,2026-09-06,0.0,Low,23.45,25.97
Kent,Hot & Humid,Notable,2026-09-07,0.0,Low,25.95,25.97
Kent,Hot & Humid,Notable,2026-09-08,0.0,Low,26.77,25.97
Kent,Hot & Humid,Notable,2026-09-09,0.0,Low,28.97,25.97
Kent,Hot & Humid,Notable,2026-09-10,0.0,Low,30.0,25.97
Kent,Hot & Humid,Notable,2026-09-11,0.0,Low,26.15,25.97
Kent,Hot & Humid,Notable,2026-09-12,0.0,Low,26.09,25.97
Kent,Hot & Humid,Notable,2026-09-13,0.0,Low,25.43,25.97
Kent,Hot & Humid,Notable,2026-09-14,0.0,Low,25.22,25.97
Kent,Hot & Humid,Notable,2026-09-15,0.0,Low,26.04,25.97
Kent,Hot & Humid,Notable,2026-09-16,0.0,Low,24.86,25.97
Kent,Hot & Humid,Notable,2026-09-17,0.0,Low,22.76,25.97
Kent,Hot & Humid,Notable,2026-09-18,0.0,Low,20.88,25.97
Kent,Hot & Humid,Notable,2026-09-19,0.0,Low,22.25,25.97
Kent,Hot & Humid,Notable,2026-09-20,0.0,Low,21.93,25.97
Kent,Hot & Humid,Notable,2026-09-21,0.0,Low,22.8,25.97
Kent,Hot & Humid,Notable,2026-09-22,0.0,Low,23.29,25.97
Kent,Hot & Humid,Notable,2026-09-23,0.0,Low,22.55,25.97
Kent,Hot & Humid,Notable,2026-09-24,0.0,Low,22.37,25.97
Kent,Hot & Humid,Notable,2026-09-25,0.0,Low,22.24,25.97
Kent,Hot & Humid,Notable,2026-09-26,0.0,Low,21.44,25.97
Kent,Hot & Humid,Notable,2026-09-27,0.0,Low,21.57,25.97
Kent,Hot & Humid,Notable,2026-09-28,0.0,Low,21.03,25.97
Kent,Hot & Humid,Notable,2026-09-29,0.0,Low,21.87,25.97
Kent,Hot & Humid,Notable,2026-09-30,0.0,Low,22.04,25.97
Kent,Hot & Humid,Notable,2026-10-01,0.0,Low,21.84,25.97
Kent,Hot & Humid,Notable,2026-10-02,0.0,Low,21.42,25.97
Kent,Hot & Humid,Notable,2026-10-03,0.0,Low,21.18,25.97
Kent,Hot & Humid,Notable,2026-10-04,0.0,Low,21.21,25.97
Kent,Hot & Humid,Notable,2026-10-05,0.0,Low,20.8,25.97
Newport,Hot & Humid,Notable,2026-09-06,0.0,Low,23.25,25.16
Newport,Hot & Humid,Notable,2026-09-07,0.0,Low,25.68,25.16
Newport,Hot & Humid,Notable,2026-09-08,0.0,Low,26.53,25.16
Newport,Hot & Humid,Notable,2026-09-09,0.0,Low,28.37,25.16
Newport,Hot & Humid,Notable,2026-09-10,0.0,Low,29.71,25.16
Newport,Hot & Humid,Notable,2026-09-11,0.0,Low,26.13,25.16
Newport,Hot & Humid,Notable,2026-09-12,2.1,Low,25.67,25.16
Newport,Hot & Humid,Notable,2026-09-13,0.0,Low,25.3,25.16
Newport,Hot & Humid,Notable,2026-09-14,0.0,Low,25.05,25.16
Newport,Hot & Humid,Notable,2026-09-15,0.0,Low,25.75,25.16
Newport,Hot & Humid,Notable,2026-09-16,0.0,Low,24.59,25.16
Newport,Hot & Humid,Notable,2026-09-17,0.0,Low,22.89,25.16
Newport,Hot & Humid,Notable,2026-09-18,0.0,Low,21.08,25.16
Newport,Hot & Humid,Notable,2026-09-19,0.0,Low,22.21,25.16
Newport,Hot & Humid,Notable,2026-09-20,0.0,Low,21.95,25.16
Newport,Hot & Humid,Notable,2026-09-21,0.0,Low,22.79,25.16
Newport,Hot & Humid,Notable,2026-09-22,0.0,Low,23.15,25.16
Newport,Hot & Humid,Notable,2026-09-23,0.0,Low,22.36,25.16
Newport,Hot & Humid,Notable,2026-09-24,0.0,Low,22.35,25.16
Newport,Hot & Humid,Notable,2026-09-25,0.0,Low,22.31,25.16
Newport,Hot & Humid,Notable,2026-09-26,0.0,Low,21.39,25.16
Newport,Hot & Humid,Notable,2026-09-27,0.0,Low,21.6,25.16
Newport,Hot & Humid,Notable,2026-09-28,0.0,Low,21.02,25.16
Newport,Hot & Humid,Notable,2026-09-29,0.0,Low,21.73,25.16
Newport,Hot & Humid,Notable,2026-09-30,0.0,Low,22.11,25.16
Newport,Hot & Humid,Notable,2026-10-01,0.0,Low,21.95,25.16
Newport,Hot & Humid,Notable,2026-10-02,0.0,Low,21.48,25.16
Newport,Hot & Humid,Notable,2026-10-03,0.0,Low,21.23,25.16
Newport,Hot & Humid,Notable,2026-10-04,0.0,Low,21.32,25.16
Newport,Hot & Humid,Notable,2026-10-05,0.0,Low,20.8,25.16
Providence,Hot & Humid,Notable,2026-09-06,0.0,Low,23.13,26.13
Providence,Hot & Humid,Notable,2026-09-07,0.0,Low,25.74,26.13
Providence,Hot & Humid,Notable,2026-09-08,0.0,Low,26.58,26.13
Providence,Hot & Humid,Notable,2026-09-09,0.0,Low,29.04,26.13
Providence,Hot & Humid,Notable,2026-09-10,0.0,Low,29.86,26.13
Providence,Hot & Humid,Notable,2026-09-11,0.0,Low,25.85,26.13
Providence,Hot & Humid,Notable,2026-09-12,0.0,Low,25.87,26.13
Providence,Hot & Humid,Notable,2026-09-13,0.0,Low,25.11,26.13
Providence,Hot & Humid,Notable,2026-09-14,0.0,Low,24.97,26.13
Providence,Hot & Humid,Notable,2026-09-15,0.0,Low,25.89,26.13
Providence,Hot & Humid,Notable,2026-09-16,0.0,Low,24.74,26.13
Providence,Hot & Humid,Notable,2026-09-17,0.0,Low,22.38,26.13
Providence,Hot & Humid,Notable,2026-09-18,0.0,Low,20.52,26.13
Providence,Hot & Humid,Notable,2026-09-19,0.0,Low,22.0,26.13
Providence,Hot & Humid,Notable,2026-09-20,0.0,Low,21.8,26.13
Providence,Hot & Humid,Notable,2026-09-21,0.0,Low,22.66,26.13
Providence,Hot & Humid,Notable,2026-09-22,0.0,Low,23.3,26.13
Providence,Hot & Humid,Notable,2026-09-23,0.0,Low,22.49,26.13
Providence,Hot & Humid,Notable,2026-09-24,0.0,Low,22.26,26.13
Providence,Hot & Humid,Notable,2026-09-25,0.0,Low,22.16,26.13
Providence,Hot & Humid,Notable,2026-09-26,0.0,Low,21.37,26.13
Providence,Hot & Humid,Notable,2026-09-27,0.0,Low,21.45,26.13
Providence,Hot & Humid,Notable,2026-09-28,0.0,Low,20.87,26.13
Providence,Hot & Humid,Notable,2026-09-29,0.0,Low,21.76,26.13
Providence,Hot & Humid,Notable,2026-09-30,0.0,Low,21.83,26.13
Providence,Hot & Humid,Notable,2026-10-01,0.0,Low,21.68,26.13
Providence,Hot & Humid,Notable,2026-10-02,0.0,Low,21.3,26.13
Providence,Hot & Humid,Notable,2026-10-03,0.0,Low,21.1,26.13
Providence,Hot & Humid,Notable,2026-10-04,0.0,Low,21.1,26.13
Providence,Hot & Humid,Notable,2026-10-05,0.0,Low,20.65,26.13
Washington,Hot & Humid,Notable,2026-09-06,0.0,Low,23.39,25.7
Washington,Hot & Humid,Notable,2026-09-07,0.0,Low,25.89,25.7
Washington,Hot & Humid,Notable,2026-09-08,0.0,Low,26.75,25.7
Washington,Hot & Humid,Notable,2026-09-09,0.0,Low,28.69,25.7
Washington,Hot & Humid,Notable,2026-09-10,0.0,Low,29.82,25.7
Washington,Hot & Humid,Notable,2026-09-11,0.0,Low,26.19,25.7
Washington,Hot & Humid,Notable,2026-09-12,4.2,Low,25.95,25.7
Washington,Hot & Humid,Notable,2026-09-13,0.0,Low,25.49,25.7
Washington,Hot & Humid,Notable,2026-09-14,0.0,Low,25.31,25.7
Washington,Hot & Humid,Notable,2026-09-15,0.0,Low,25.97,25.7
Washington,Hot & Humid,Notable,2026-09-16,0.0,Low,24.84,25.7
Washington,Hot & Humid,Notable,2026-09-17,0.0,Low,22.99,25.7
Washington,Hot & Humid,Notable,2026-09-18,0.0,Low,21.22,25.7
Washington,Hot & Humid,Notable,2026-09-19,0.0,Low,22.37,25.7
Washington,Hot & Humid,Notable,2026-09-20,0.0,Low,22.15,25.7
Washington,Hot & Humid,Notable,2026-09-21,0.0,Low,22.88,25.7
Washington,Hot & Humid,Notable,2026-09-22,0.0,Low,23.24,25.7
Washington,Hot & Humid,Notable,2026-09-23,0.0,Low,22.58,25.7
Washington,Hot & Humid,Notable,2026-09-24,0.0,Low,22.45,25.7
Washington,Hot & Humid,Notable,2026-09-25,0.0,Low,22.36,25.7
Washington,Hot & Humid,Notable,2026-09-26,0.0,Low,21.55,25.7
Washington,Hot & Humid,Notable,2026-09-27,0.0,Low,21.65,25.7
Washington,Hot & Humid,Notable,2026-09-28,0.0,Low,21.18,25.7
Washington,Hot & Humid,Notable,2026-09-29,0.0,Low,21.95,25.7
Washington,Hot & Humid,Notable,2026-09-30,0.0,Low,22.14,25.7
Washington,Hot & Humid,Notable,2026-10-01,0.0,Low,22.03,25.7
Washington,Hot & Humid,Notable,2026-10-02,0.0,Low,21.63,25.7
Washington,Hot & Humid,Notable,2026-10-03,0.0,Low,21.37,25.7
Washington,Hot & Humid,Notable,2026-10-04,0.0,Low,21.35,25.7
Washington,Hot & Humid,Notable,2026-10-05,0.0,Low,20.9,25.7
Bristol,Hot & Humid,Severe,2026-09-06,0.0,Low,24.0,26.59
Bristol,Hot & Humid,Severe,2026-09-07,0.0,Low,26.43,26.59
Bristol,Hot & Humid,Severe,2026-09-08,0.0,Low,27.25,26.59
Bristol,Hot & Humid,Severe,2026-09-09,0.0,Low,29.33,26.59
Bristol,Hot & Humid,Severe,2026-09-10,0.0,Low,30.58,26.59
Bristol,Hot & Humid,Severe,2026-09-11,0.0,Low,26.76,26.59
Bristol,Hot & Humid,Severe,2026-09-12,0.0,Low,26.49,26.59
Bristol,Hot & Humid,Severe,2026-09-13,0.0,Low,25.9,26.59
Bristol,Hot & Humid,Severe,2026-09-14,0.0,Low,25.64,26.59
Bristol,Hot & Humid,Severe,2026-09-15,0.0,Low,26.5,26.59
Bristol,Hot & Humid,Severe,2026-09-16,0.0,Low,25.31,26.59
Bristol,Hot & Humid,Severe,2026-09-17,0.0,Low,23.33,26.59
Bristol,Hot & Humid,Severe,2026-09-18,0.0,Low,21.39,26.59
Bristol,Hot & Humid,Severe,2026-09-19,0.0,Low,22.75,26.59
Bristol,Hot & Humid,Severe,2026-09-20,0.0,Low,22.42,26.59
Bristol,Hot & Humid,Severe,2026-09-21,0.0,Low,23.35,26.59
Bristol,Hot & Humid,Severe,2026-09-22,0.0,Low,23.86,26.59
Bristol,Hot & Humid,Severe,2026-09-23,0.0,Low,23.03,26.59
Bristol,Hot & Humid,Severe,2026-09-24,0.0,Low,22.93,26.59
Bristol,Hot & Humid,Severe,2026-09-25,0.0,Low,22.89,26.59
Bristol,Hot & Humid,Severe,2026-09-26,0.0,Low,21.94,26.59
Bristol,Hot & Humid,Severe,2026-09-27,0.0,Low,22.18,26.59
Bristol,Hot & Humid,Severe,2026-09-28,0.0,Low,21.54,26.59
Bristol,Hot & Humid,Severe,2026-09-29,0.0,Low,22.36,26.59
Bristol,Hot & Humid,Severe,2026-09-30,0.0,Low,22.71,26.59
Bristol,Hot & Humid,Severe,2026-10-01,0.0,Low,22.42,26.59
Bristol,Hot & Humid,Severe,2026-10-02,0.0,Low,21.98,26.59
Bristol,Hot & Humid,Severe,2026-10-03,0.0,Low,21.74,26.59
Bristol,Hot & Humid,Severe,2026-10-04,0.0,Low,21.83,26.59
Bristol,Hot & Humid,Severe,2026-10-05,0.0,Low,21.4,26.59
Kent,Hot & Humid,Severe,2026-09-06,0.0,Low,23.45,26.95
Kent,Hot & Humid,Severe,2026-09-07,0.0,Low,25.95,26.95
Kent,Hot & Humid,Severe,2026-09-08,0.0,Low,26.77,26.95
Kent,Hot & Humid,Severe,2026-09-09,0.0,Low,28.97,26.95
Kent,Hot & Humid,Severe,2026-09-10,0.0,Low,30.0,26.95
Kent,Hot & Humid,Severe,2026-09-11,0.0,Low,26.15,26.95
Kent,Hot & Humid,Severe,2026-09-12,0.0,Low,26.09,26.95
Kent,Hot & Humid,Severe,2026-09-13,0.0,Low,25.43,26.95
Kent,Hot & Humid,Severe,2026-09-14,0.0,Low,25.22,26.95
Kent,Hot & Humid,Severe,2026-09-15,0.0,Low,26.04,26.95
Kent,Hot & Humid,Severe,2026-09-16,0.0,Low,24.86,26.95
Kent,Hot & Humid,Severe,2026-09-17,0.0,Low,22.76,26.95
Kent,Hot & Humid,Severe,2026-09-18,0.0,Low,20.88,26.95
Kent,Hot & Humid,Severe,2026-09-19,0.0,Low,22.25,26.95
Kent,Hot & Humid,Severe,2026-09-20,0.0,Low,21.93,26.95
Kent,Hot & Humid,Severe,2026-09-21,0.0,Low,22.8,26.95
Kent,Hot & Humid,Severe,2026-09-22,0.0,Low,23.29,26.95
Kent,Hot & Humid,Severe,2026-09-23,0.0,Low,22.55,26.95
Kent,Hot & Humid,Severe,2026-09-24,0.0,Low,22.37,26.95
Kent,Hot & Humid,Severe,2026-09-25,0.0,Low,22.24,26.95
Kent,Hot & Humid,Severe,2026-09-26,0.0,Low,21.44,26.95
Kent,Hot & Humid,Severe,2026-09-27,0.0,Low,21.57,26.95
Kent,Hot & Humid,Severe,2026-09-28,0.0,Low,21.03,26.95
Kent,Hot & Humid,Severe,2026-09-29,0.0,Low,21.87,26.95
Kent,Hot & Humid,Severe,2026-09-30,0.0,Low,22.04,26.95
Kent,Hot & Humid,Severe,2026-10-01,0.0,Low,21.84,26.95
Kent,Hot & Humid,Severe,2026-10-02,0.0,Low,21.42,26.95
Kent,Hot & Humid,Severe,2026-10-03,0.0,Low,21.18,26.95
Kent,Hot & Humid,Severe,2026-10-04,0.0,Low,21.21,26.95
Kent,Hot & Humid,Severe,2026-10-05,0.0,Low,20.8,26.95
Newport,Hot & Humid,Severe,2026-09-06,0.0,Low,23.25,25.9
Newport,Hot & Humid,Severe,2026-09-07,0.0,Low,25.68,25.9
Newport,Hot & Humid,Severe,2026-09-08,0.0,Low,26.53,25.9
Newport,Hot & Humid,Severe,2026-09-09,0.0,Low,28.37,25.9
Newport,Hot & Humid,Severe,2026-09-10,0.0,Low,29.71,25.9
Newport,Hot & Humid,Severe,2026-09-11,0.0,Low,26.13,25.9
Newport,Hot & Humid,Severe,2026-09-12,0.0,Low,25.67,25.9
Newport,Hot & Humid,Severe,2026-09-13,0.0,Low,25.3,25.9
Newport,Hot & Humid,Severe,2026-09-14,0.0,Low,25.05,25.9
Newport,Hot & Humid,Severe,2026-09-15,0.0,Low,25.75,25.9
Newport,Hot & Humid,Severe,2026-09-16,0.0,Low,24.59,25.9
Newport,Hot & Humid,Severe,2026-09-17,0.0,Low,22.89,25.9
Newport,Hot & Humid,Severe,2026-09-18,0.0,Low,21.08,25.9
Newport,Hot & Humid,Severe,2026-09-19,0.0,Low,22.21,25.9
Newport,Hot & Humid,Severe,2026-09-20,0.0,Low,21.95,25.9
Newport,Hot & Humid,Severe,2026-09-21,0.0,Low,22.79,25.9
Newport,Hot & Humid,Severe,2026-09-22,0.0,Low,23.15,25.9
Newport,Hot & Humid,Severe,2026-09-23,0.0,Low,22.36,25.9
Newport,Hot & Humid,Severe,2026-09-24,0.0,Low,22.35,25.9
Newport,Hot & Humid,Severe,2026-09-25,0.0,Low,22.31,25.9
Newport,Hot & Humid,Severe,2026-09-26,0.0,Low,21.39,25.9
Newport,Hot & Humid,Severe,2026-09-27,0.0,Low,21.6,25.9
Newport,Hot & Humid,Severe,2026-09-28,0.0,Low,21.02,25.9
Newport,Hot & Humid,Severe,2026-09-29,0.0,Low,21.73,25.9
Newport,Hot & Humid,Severe,2026-09-30,0.0,Low,22.11,25.9
Newport,Hot & Humid,Severe,2026-10-01,0.0,Low,21.95,25.9
Newport,Hot & Humid,Severe,2026-10-02,0.0,Low,21.48,25.9
Newport,Hot & Humid,Severe,2026-10-03,0.0,Low,21.23,25.9
Newport,Hot & Humid,Severe,2026-10-04,0.0,Low,21.32,25.9
Newport,Hot & Humid,Severe,2026-10-05,0.0,Low,20.8,25.9
Providence,Hot & Humid,Severe,2026-09-06,0.0,Low,23.13,26.92
Providence,Hot & Humid,Severe,2026-09-07,0.0,Low,25.74,26.92
Providence,Hot & Humid,Severe,2026-09-08,0.0,Low,26.58,26.92
Providence,Hot & Humid,Severe,2026-09-09,0.0,Low,29.04,26.92
Providence,Hot & Humid,Severe,2026-09-10,0.0,Low,29.86,26.92
Providence,Hot & Humid,Severe,2026-09-11,0.0,Low,25.85,26.92
Providence,Hot & Humid,Severe,2026-09-12,0.0,Low,25.87,26.92
Providence,Hot & Humid,Severe,2026-09-13,0.0,Low,25.11,26.92
Providence,Hot & Humid,Severe,2026-09-14,0.0,Low,24.97,26.92
Providence,Hot & Humid,Severe,2026-09-15,0.0,Low,25.89,26.92
Providence,Hot & Humid,Severe,2026-09-16,0.0,Low,24.74,26.92
Providence,Hot & Humid,Severe,2026-09-17,0.0,Low,22.38,26.92
Providence,Hot & Humid,Severe,2026-09-18,0.0,Low,20.52,26.92
Providence,Hot & Humid,Severe,2026-09-19,0.0,Low,22.0,26.92
Providence,Hot & Humid,Severe,2026-09-20,0.0,Low,21.8,26.92
Providence,Hot & Humid,Severe,2026-09-21,0.0,Low,22.66,26.92
Providence,Hot & Humid,Severe,2026-09-22,0.0,Low,23.3,26.92
Providence,Hot & Humid,Severe,2026-09-23,0.0,Low,22.49,26.92
Providence,Hot & Humid,Severe,2026-09-24,0.0,Low,22.26,26.92
Providence,Hot & Humid,Severe,2026-09-25,0.0,Low,22.16,26.92
Providence,Hot & Humid,Severe,2026-09-26,0.0,Low,21.37,26.92
Providence,Hot & Humid,Severe,2026-09-27,0.0,Low,21.45,26.92
Providence,Hot & Humid,Severe,2026-09-28,0.0,Low,20.87,26.92
Providence,Hot & Humid,Severe,2026-09-29,0.0,Low,21.76,26.92
Providence,Hot & Humid,Severe,2026-09-30,0.0,Low,21.83,26.92
Providence,Hot & Humid,Severe,2026-10-01,0.0,Low,21.68,26.92
Providence,Hot & Humid,Severe,2026-10-02,0.0,Low,21.3,26.92
Providence,Hot & Humid,Severe,2026-10-03,0.0,Low,21.1,26.92
Providence,Hot & Humid,Severe,2026-10-04,0.0,Low,21.1,26.92
Providence,Hot & Humid,Severe,2026-10-05,0.0,Low,20.65,26.92
Washington,Hot & Humid,Severe,2026-09-06,0.0,Low,23.39,25.92
Washington,Hot & Humid,Severe,2026-09-07,0.0,Low,25.89,25.92
Washington,Hot & Humid,Severe,2026-09-08,0.0,Low,26.75,25.92
Washington,Hot & Humid,Severe,2026-09-09,0.0,Low,28.69,25.92
Washington,Hot & Humid,Severe,2026-09-10,0.0,Low,29.82,25.92
Washington,Hot & Humid,Severe,2026-09-11,0.0,Low,26.19,25.92
Washington,Hot & Humid,Severe,2026-09-12,0.0,Low,25.95,25.92
Washington,Hot & Humid,Severe,2026-09-13,0.0,Low,25.49,25.92
Washington,Hot & Humid,Severe,2026-09-14,0.0,Low,25.31,25.92
Washington,Hot & Humid,Severe,2026-09-15,0.0,Low,25.97,25.92
Washington,Hot & Humid,Severe,2026-09-16,0.0,Low,24.84,25.92
Washington,Hot & Humid,Severe,2026-09-17,0.0,Low,22.99,25.92
Washington,Hot & Humid,Severe,2026-09-18,0.0,Low,21.22,25.92
Washington,Hot & Humid,Severe,2026-09-19,0.0,Low,22.37,25.92
Washington,Hot & Humid,Severe,2026-09-20,0.0,Low,22.15,25.92
Washington,Hot & Humid,Severe,2026-09-21,0.0,Low,22.88,25.92
Washington,Hot & Humid,Severe,2026-09-22,0.0,Low,23.24,25.92
Washington,Hot & Humid,Severe,2026-09-23,0.0,Low,22.58,25.92
Washington,Hot & Humid,Severe,2026-09-24,0.0,Low,22.45,25.92
Washington,Hot & Humid,Severe,2026-09-25,0.0,Low,22.36,25.92
Washington,Hot & Humid,Severe,2026-09-26,0.0,Low,21.55,25.92
Washington,Hot & Humid,Severe,2026-09-27,0.0,Low,21.65,25.92
Washington,Hot & Humid,Severe,2026-09-28,0.0,Low,21.18,25.92
Washington,Hot & Humid,Severe,2026-09-29,0.0,Low,21.95,25.92
Washington,Hot & Humid,Severe,2026-09-30,0.0,Low,22.14,25.92
Washington,Hot & Humid,Severe,2026-10-01,0.0,Low,22.03,25.92
Washington,Hot & Humid,Severe,2026-10-02,0.0,Low,21.63,25.92
Washington,Hot & Humid,Severe,2026-10-03,0.0,Low,21.37,25.92
Washington,Hot & Humid,Severe,2026-10-04,0.0,Low,21.35,25.92
Washington,Hot & Humid,Severe,2026-10-05,0.0,Low,20.9,25.92
Bristol,Wet,Extreme,2026-09-06,0.0,Low,66.8,91.16
Bristol,Wet,Extreme,2026-09-07,0.0,Low,55.96,91.16
Bristol,Wet,Extreme,2026-09-08,0.0,Low,56.69,91.16
Bristol,Wet,Extreme,2026-09-09,0.0,Low,59.16,91.16
Bristol,Wet,Extreme,2026-09-10,0.0,Low,54.85,91.16
Bristol,Wet,Extreme,2026-09-11,0.0,Low,63.08,91.16
Bristol,Wet,Extreme,2026-09-12,2.1,Low,63.82,91.16
Bristol,Wet,Extreme,2026-09-13,0.0,Low,62.28,91.16
Bristol,Wet,Extreme,2026-09-14,0.0,Low,60.58,91.16
Bristol,Wet,Extreme,2026-09-15,0.0,Low,61.15,91.16
Bristol,Wet,Extreme,2026-09-16,0.0,Low,64.12,91.16
Bristol,Wet,Extreme,2026-09-17,2.1,Low,68.11,91.16
Bristol,Wet,Extreme,2026-09-18,0.0,Low,69.28,91.16
Bristol,Wet,Extreme,2026-09-19,0.0,Low,66.56,91.16
Bristol,Wet,Extreme,2026-09-20,0.0,Low,66.28,91.16
Bristol,Wet,Extreme,2026-09-21,0.0,Low,65.39,91.16
Bristol,Wet,Extreme,2026-09-22,0.0,Low,64.62,91.16
Bristol,Wet,Extreme,2026-09-23,0.0,Low,66.25,91.16
Bristol,Wet,Extreme,2026-09-24,0.0,Low,70.25,91.16
Bristol,Wet,Extreme,2026-09-25,0.0,Low,68.91,91.16
Bristol,Wet,Extreme,2026-09-26,0.0,Low,64.97,91.16
Bristol,Wet,Extreme,2026-09-27,0.0,Low,65.3,91.16
Bristol,Wet,Extreme,2026-09-28,0.0,Low,69.5,91.16
Bristol,Wet,Extreme,2026-09-29,0.0,Low,69.12,91.16
Bristol,Wet,Extreme,2026-09-30,0.0,Low,65.34,91.16
Bristol,Wet,Extreme,2026-10-01,0.0,Low,63.21,91.16
Bristol,Wet,Extreme,2026-10-02,0.0,Low,63.16,91.16
Bristol,Wet,Extreme,2026-10-03,0.0,Low,60.25,91.16
Bristol,Wet,Extreme,2026-10-04,0.0,Low,60.93,91.16
Bristol,Wet,Extreme,2026-10-05,0.0,Low,61.62,91.16
Kent,Wet,Extreme,2026-09-06,0.0,Low,67.25,90.2
Kent,Wet,Extreme,2026-09-07,0.0,Low,55.52,90.2
Kent,Wet,Extreme,2026-09-08,0.0,Low,56.78,90.2
Kent,Wet,Extreme,2026-09-09,0.0,Low,58.71,90.2
Kent,Wet,Extreme,2026-09-10,0.0,Low,55.0,90.2
Kent,Wet,Extreme,2026-09-11,0.0,Low,63.53,90.2
Kent,Wet,Extreme,2026-09-12,2.1,Low,63.25,90.2
Kent,Wet,Extreme,2026-09-13,0.0,Low,62.03,90.2
Kent,Wet,Extreme,2026-09-14,0.0,Low,60.2,90.2
Kent,Wet,Extreme,2026-09-15,0.0,Low,61.05,90.2
Kent,Wet,Extreme,2026-09-16,0.0,Low,64.28,90.2
Kent,Wet,Extreme,2026-09-17,2.1,Low,68.23,90.2
Kent,Wet,Extreme,2026-09-18,0.0,Low,69.58,90.2
Kent,Wet,Extreme,2026-09-19,0.0,Low,66.49,90.2
Kent,Wet,Extreme,2026-09-20,0.0,Low,66.32,90.2
Kent,Wet,Extreme,2026-09-21,0.0,Low,65.15,90.2
Kent,Wet,Extreme,2026-09-22,0.0,Low,64.53,90.2
Kent,Wet,Extreme,2026-09-23,0.0,Low,66.38,90.2
Kent,Wet,Extreme,2026-09-24,2.1,Low,70.79,90.2
Kent,Wet,Extreme,2026-09-25,0.0,Low,69.26,90.2
Kent,Wet,Extreme,2026-09-26,0.0,Low,65.01,90.2
Kent,Wet,Extreme,2026-09-27,0.0,Low,65.38,90.2
Kent,Wet,Extreme,2026-09-28,0.0,Low,69.61,90.2
Kent,Wet,Extreme,2026-09-29,0.0,Low,69.46,90.2
Kent,Wet,Extreme,2026-09-30,0.0,Low,65.64,90.2
Kent,Wet,Extreme,2026-10-01,0.0,Low,62.99,90.2
Kent,Wet,Extreme,2026-10-02,0.0,Low,63.41,90.2
Kent,Wet,Extreme,2026-10-03,0.0,Low,58.92,90.2
Kent,Wet,Extreme,2026-10-04,0.0,Low,59.88,90.2
Kent,Wet,Extreme,2026-10-05,0.0,Low,60.26,90.2
Newport,Wet,Extreme,2026-09-06,0.0,Low,69.87,92.84
Newport,Wet,Extreme,2026-09-07,0.0,Low,59.03,92.84
Newport,Wet,Extreme,2026-09-08,0.0,Low,59.51,92.84
Newport,Wet,Extreme,2026-09-09,0.0,Low,62.34,92.84
Newport,Wet,Extreme,2026-09-10,0.0,Low,57.76,92.84
Newport,Wet,Extreme,2026-09-11,0.0,Low,65.79,92.84
Newport,Wet,Extreme,2026-09-12,2.1,Low,66.92,92.84
Newport,Wet,Extreme,2026-09-13,0.0,Low,64.83,92.84
Newport,Wet,Extreme,2026-09-14,0.0,Low,63.21,92.84
Newport,Wet,Extreme,2026-09-15,0.0,Low,64.02,92.84
Newport,Wet,Extreme,2026-09-16,0.0,Low,67.13,92.84
Newport,Wet,Extreme,2026-09-17,2.1,Low,70.21,92.84
Newport,Wet,Extreme,2026-09-18,0.0,Low,71.13,92.84
Newport,Wet,Extreme,2026-09-19,0.0,Low,68.86,92.84
Newport,Wet,Extreme,2026-09-20,0.0,Low,68.71,92.84
Newport,Wet,Extreme,2026-09-21,0.0,Low,68.16,92.84
Newport,Wet,Extreme,2026-09-22,0.0,Low,67.68,92.84
Newport,Wet,Extreme,2026-09-23,0.0,Low,69.1,92.84
Newport,Wet,Extreme,2026-09-24,2.1,Low,73.01,92.84
Newport,Wet,Extreme,2026-09-25,0.0,Low,71.41,92.84
Newport,Wet,Extreme,2026-09-26,0.0,Low,67.31,92.84
Newport,Wet,Extreme,2026-09-27,0.0,Low,67.99,92.84
Newport,Wet,Extreme,2026-09-28,0.0,Low,72.15,92.84
Newport,Wet,Extreme,2026-09-29,0.0,Low,71.87,92.84
Newport,Wet,Extreme,2026-09-30,0.0,Low,68.09,92.84
Newport,Wet,Extreme,2026-10-01,0.0,Low,65.62,92.84
Newport,Wet,Extreme,2026-10-02,0.0,Low,65.32,92.84
Newport,Wet,Extreme,2026-10-03,0.0,Low,62.98,92.84
Newport,Wet,Extreme,2026-10-04,0.0,Low,63.52,92.84
Newport,Wet,Extreme,2026-10-05,0.0,Low,64.41,92.84
Providence,Wet,Extreme,2026-09-06,0.0,Low,67.51,90.73
Providence,Wet,Extreme,2026-09-07,0.0,Low,55.67,90.73
Providence,Wet,Extreme,2026-09-08,0.0,Low,56.69,90.73
Providence,Wet,Extreme,2026-09-09,0.0,Low,58.37,90.73
Providence,Wet,Extreme,2026-09-10,0.0,Low,54.79,90.73
Providence,Wet,Extreme,2026-09-11,0.0,Low,64.05,90.73
Providence,Wet,Extreme,2026-09-12,2.1,Low,63.31,90.73
Providence,Wet,Extreme,2026-09-13,0.0,Low,62.51,90.73
Providence,Wet,Extreme,2026-09-14,0.0,Low,60.39,90.73
Providence,Wet,Extreme,2026-09-15,0.0,Low,61.03,90.73
Providence,Wet,Extreme,2026-09-16,0.0,Low,64.03,90.73
Providence,Wet,Extreme,2026-09-17,2.1,Low,68.85,90.73
Providence,Wet,Extreme,2026-09-18,4.2,Low,69.9,90.73
Providence,Wet,Extreme,2026-09-19,0.0,Low,66.46,90.73
Providence,Wet,Extreme,2026-09-20,0.0,Low,65.93,90.73
Providence,Wet,Extreme,2026-09-21,0.0,Low,64.6,90.73
Providence,Wet,Extreme,2026-09-22,0.0,Low,63.8,90.73
Providence,Wet,Extreme,2026-09-23,0.0,Low,65.84,90.73
Providence,Wet,Extreme,2026-09-24,2.1,Low,70.23,90.73
Providence,Wet,Extreme,2026-09-25,0.0,Low,68.58,90.73
Providence,Wet,Extreme,2026-09-26,0.0,Low,64.42,90.73
Providence,Wet,Extreme,2026-09-27,0.0,Low,64.58,90.73
Providence,Wet,Extreme,2026-09-28,0.0,Low,68.84,90.73
Providence,Wet,Extreme,2026-09-29,0.0,Low,68.94,90.73
Providence,Wet,Extreme,2026-09-30,0.0,Low,65.46,90.73
Providence,Wet,Extreme,2026-10-01,0.0,Low,62.45,90.73
Providence,Wet,Extreme,2026-10-02,0.0,Low,62.92,90.73
Providence,Wet,Extreme,2026-10-03,0.0,Low,58.25,90.73
Providence,Wet,Extreme,2026-10-04,0.0,Low,59.43,90.73
Providence,Wet,Extreme,2026-10-05,0.0,Low,59.58,90.73
Washington,Wet,Extreme,2026-09-06,0.0,Low,70.5,91.6
Washington,Wet,Extreme,2026-09-07,0.0,Low,58.32,91.6
Washington,Wet,Extreme,2026-09-08,0.0,Low,59.64,91.6
Washington,Wet,Extreme,2026-09-09,0.0,Low,61.88,91.6
Washington,Wet,Extreme,2026-09-10,0.0,Low,57.84,91.6
Washington,Wet,Extreme,2026-09-11,0.0,Low,66.19,91.6
Washington,Wet,Extreme,2026-09-12,2.1,Low,66.27,91.6
Washington,Wet,Extreme,2026-09-13,0.0,Low,64.58,91.6
Washington,Wet,Extreme,2026-09-14,0.0,Low,62.84,91.6
Washington,Wet,Extreme,2026-09-15,0.0,Low,63.93,91.6
Washington,Wet,Extreme,2026-09-16,0.0,Low,67.2,91.6
Washington,Wet,Extreme,2026-09-17,2.1,Low,70.29,91.6
Washington,Wet,Extreme,2026-09-18,0.0,Low,71.47,91.6
Washington,Wet,Extreme,2026-09-19,0.0,Low,69.03,91.6
Washington,Wet,Extreme,2026-09-20,0.0,Low,68.84,91.6
Washington,Wet,Extreme,2026-09-21,0.0,Low,68.06,91.6
Washington,Wet,Extreme,2026-09-22,0.0,Low,67.55,91.6
Washington,Wet,Extreme,2026-09-23,0.0,Low,69.16,91.6
Washington,Wet,Extreme,2026-09-24,2.1,Low,73.61,91.6
Washington,Wet,Extreme,2026-09-25,0.0,Low,71.72,91.6
Washington,Wet,Extreme,2026-09-26,0.0,Low,67.4,91.6
Washington,Wet,Extreme,2026-09-27,0.0,Low,68.03,91.6
Washington,Wet,Extreme,2026-09-28,0.0,Low,72.38,91.6
Washington,Wet,Extreme,2026-09-29,0.0,Low,72.05,91.6
Washington,Wet,Extreme,2026-09-30,0.0,Low,68.24,91.6
Washington,Wet,Extreme,2026-10-01,0.0,Low,65.3,91.6
Washington,Wet,Extreme,2026-10-02,0.0,Low,65.44,91.6
Washington,Wet,Extreme,2026-10-03,0.0,Low,62.2,91.6
Washington,Wet,Extreme,2026-10-04,0.0,Low,63.14,91.6
Washington,Wet,Extreme,2026-10-05,0.0,Low,63.66,91.6
Bristol,Wet,Notable,2026-09-06,0.0,Low,66.8,82.16
Bristol,Wet,Notable,2026-09-07,0.0,Low,55.96,82.16
Bristol,Wet,Notable,2026-09-08,0.0,Low,56.69,82.16
Bristol,Wet,Notable,2026-09-09,0.0,Low,59.16,82.16
Bristol,Wet,Notable,2026-09-10,2.1,Low,54.85,82.16
Bristol,Wet,Notable,2026-09-11,2.1,Low,63.08,82.16
Bristol,Wet,Notable,2026-09-12,2.1,Low,63.82,82.16
Bristol,Wet,Notable,2026-09-13,0.0,Low,62.28,82.16
Bristol,Wet,Notable,2026-09-14,0.0,Low,60.58,82.16
Bristol,Wet,Notable,2026-09-15,0.0,Low,61.15,82.16
Bristol,Wet,Notable,2026-09-16,0.0,Low,64.12,82.16
Bristol,Wet,Notable,2026-09-17,8.3,Low,68.11,82.16
Bristol,Wet,Notable,2026-09-18,8.3,Low,69.28,82.16
Bristol,Wet,Notable,2026-09-19,0.0,Low,66.56,82.16
Bristol,Wet,Notable,2026-09-20,0.0,Low,66.28,82.16
Bristol,Wet,Notable,2026-09-21,2.1,Low,65.39,82.16
Bristol,Wet,Notable,2026-09-22,2.1,Low,64.62,82.16
Bristol,Wet,Notable,2026-09-23,2.1,Low,66.25,82.16
Bristol,Wet,Notable,2026-09-24,2.1,Low,70.25,82.16
Bristol,Wet,Notable,2026-09-25,4.2,Low,68.91,82.16
Bristol,Wet,Notable,2026-09-26,2.1,Low,64.97,82.16
Bristol,Wet,Notable,2026-09-27,2.1,Low,65.3,82.16
Bristol,Wet,Notable,2026-09-28,0.0,Low,69.5,82.16
Bristol,Wet,Notable,2026-09-29,0.0,Low,69.12,82.16
Bristol,Wet,Notable,2026-09-30,0.0,Low,65.34,82.16
Bristol,Wet,Notable,2026-10-01,0.0,Low,63.21,82.16
Bristol,Wet,Notable,2026-10-02,2.1,Low,63.16,82.16
Bristol,Wet,Notable,2026-10-03,0.0,Low,60.25,82.16
Bristol,Wet,Notable,2026-10-04,0.0,Low,60.93,82.16
Bristol,Wet,Notable,2026-10-05,0.0,Low,61.62,82.16
Kent,Wet,Notable,2026-09-06,0.0,Low,67.25,81.26
Kent,Wet,Notable,2026-09-07,0.0,Low,55.52,81.26
Kent,Wet,Notable,2026-09-08,0.0,Low,56.78,81.26
Kent,Wet,Notable,2026-09-09,0.0,Low,58.71,81.26
Kent,Wet,Notable,2026-09-10,2.1,Low,55.0,81.26
Kent,Wet,Notable,2026-09-11,2.1,Low,63.53,81.26
Kent,Wet,Notable,2026-09-12,2.1,Low,63.25,81.26
Kent,Wet,Notable,2026-09-13,0.0,Low,62.03,81.26
Kent,Wet,Notable,2026-09-14,0.0,Low,60.2,81.26
Kent,Wet,Notable,2026-09-15,0.0,Low,61.05,81.26
Kent,Wet,Notable,2026-09-16,2.1,Low,64.28,81.26
Kent,Wet,Notable,2026-09-17,8.3,Low,68.23,81.26
Kent,Wet,Notable,2026-09-18,8.3,Low,69.58,81.26
Kent,Wet,Notable,2026-09-19,2.1,Low,66.49,81.26
Kent,Wet,Notable,2026-09-20,2.1,Low,66.32,81.26
Kent,Wet,Notable,2026-09-21,2.1,Low,65.15,81.26
Kent,Wet,Notable,2026-09-22,2.1,Low,64.53,81.26
Kent,Wet,Notable,2026-09-23,4.2,Low,66.38,81.26
Kent,Wet,Notable,2026-09-24,2.1,Low,70.79,81.26
Kent,Wet,Notable,2026-09-25,6.2,Low,69.26,81.26
Kent,Wet,Notable,2026-09-26,2.1,Low,65.01,81.26
Kent,Wet,Notable,2026-09-27,2.1,Low,65.38,81.26
Kent,Wet,Notable,2026-09-28,2.1,Low,69.61,81.26
Kent,Wet,Notable,2026-09-29,4.2,Low,69.46,81.26
Kent,Wet,Notable,2026-09-30,0.0,Low,65.64,81.26
Kent,Wet,Notable,2026-10-01,2.1,Low,62.99,81.26
Kent,Wet,Notable,2026-10-02,2.1,Low,63.41,81.26
Kent,Wet,Notable,2026-10-03,0.0,Low,58.92,81.26
Kent,Wet,Notable,2026-10-04,0.0,Low,59.88,81.26
Kent,Wet,Notable,2026-10-05,0.0,Low,60.26,81.26
Newport,Wet,Notable,2026-09-06,0.0,Low,69.87,84.79
Newport,Wet,Notable,2026-09-07,0.0,Low,59.03,84.79
Newport,Wet,Notable,2026-09-08,0.0,Low,59.51,84.79
Newport,Wet,Notable,2026-09-09,0.0,Low,62.34,84.79
Newport,Wet,Notable,2026-09-10,2.1,Low,57.76,84.79
Newport,Wet,Notable,2026-09-11,2.1,Low,65.79,84.79
Newport,Wet,Notable,2026-09-12,2.1,Low,66.92,84.79
Newport,Wet,Notable,2026-09-13,0.0,Low,64.83,84.79
Newport,Wet,Notable,2026-09-14,0.0,Low,63.21,84.79
Newport,Wet,Notable,2026-09-15,0.0,Low,64.02,84.79
Newport,Wet,Notable,2026-09-16,0.0,Low,67.13,84.79
Newport,Wet,Notable,2026-09-17,6.2,Low,70.21,84.79
Newport,Wet,Notable,2026-09-18,8.3,Low,71.13,84.79
Newport,Wet,Notable,2026-09-19,0.0,Low,68.86,84.79
Newport,Wet,Notable,2026-09-20,0.0,Low,68.71,84.79
Newport,Wet,Notable,2026-09-21,2.1,Low,68.16,84.79
Newport,Wet,Notable,2026-09-22,2.1,Low,67.68,84.79
Newport,Wet,Notable,2026-09-23,2.1,Low,69.1,84.79
Newport,Wet,Notable,2026-09-24,2.1,Low,73.01,84.79
Newport,Wet,Notable,2026-09-25,4.2,Low,71.41,84.79
Newport,Wet,Notable,2026-09-26,2.1,Low,67.31,84.79
Newport,Wet,Notable,2026-09-27,2.1,Low,67.99,84.79
Newport,Wet,Notable,2026-09-28,0.0,Low,72.15,84.79
Newport,Wet,Notable,2026-09-29,0.0,Low,71.87,84.79
Newport,Wet,Notable,2026-09-30,0.0,Low,68.09,84.79
Newport,Wet,Notable,2026-10-01,0.0,Low,65.62,84.79
Newport,Wet,Notable,2026-10-02,2.1,Low,65.32,84.79
Newport,Wet,Notable,2026-10-03,0.0,Low,62.98,84.79
Newport,Wet,Notable,2026-10-04,0.0,Low,63.52,84.79
Newport,Wet,Notable,2026-10-05,0.0,Low,64.41,84.79
Providence,Wet,Notable,2026-09-06,0.0,Low,67.51,81.24
Providence,Wet,Notable,2026-09-07,0.0,Low,55.67,81.24
Providence,Wet,Notable,2026-09-08,0.0,Low,56.69,81.24
Providence,Wet,Notable,2026-09-09,0.0,Low,58.37,81.24
Providence,Wet,Notable,2026-09-10,2.1,Low,54.79,81.24
Providence,Wet,Notable,2026-09-11,2.1,Low,64.05,81.24
Providence,Wet,Notable,2026-09-12,2.1,Low,63.31,81.24
Providence,Wet,Notable,2026-09-13,0.0,Low,62.51,81.24
Providence,Wet,Notable,2026-09-14,0.0,Low,60.39,81.24
Providence,Wet,Notable,2026-09-15,0.0,Low,61.03,81.24
Providence,Wet,Notable,2026-09-16,2.1,Low,64.03,81.24
Providence,Wet,Notable,2026-09-17,8.3,Low,68.85,81.24
Providence,Wet,Notable,2026-09-18,8.3,Low,69.9,81.24
Providence,Wet,Notable,2026-09-19,2.1,Low,66.46,81.24
Providence,Wet,Notable,2026-09-20,4.2,Low,65.93,81.24
Providence,Wet,Notable,2026-09-21,2.1,Low,64.6,81.24
Providence,Wet,Notable,2026-09-22,2.1,Low,63.8,81.24
Providence,Wet,Notable,2026-09-23,4.2,Low,65.84,81.24
Providence,Wet,Notable,2026-09-24,2.1,Low,70.23,81.24
Providence,Wet,Notable,2026-09-25,8.3,Low,68.58,81.24
Providence,Wet,Notable,2026-09-26,2.1,Low,64.42,81.24
Providence,Wet,Notable,2026-09-27,2.1,Low,64.58,81.24
Providence,Wet,Notable,2026-09-28,2.1,Low,68.84,81.24
Providence,Wet,Notable,2026-09-29,4.2,Low,68.94,81.24
Providence,Wet,Notable,2026-09-30,4.2,Low,65.46,81.24
Providence,Wet,Notable,2026-10-01,2.1,Low,62.45,81.24
Providence,Wet,Notable,2026-10-02,2.1,Low,62.92,81.24
Providence,Wet,Notable,2026-10-03,0.0,Low,58.25,81.24
Providence,Wet,Notable,2026-10-04,0.0,Low,59.43,81.24
Providence,Wet,Notable,2026-10-05,0.0,Low,59.58,81.24
Washington,Wet,Notable,2026-09-06,0.0,Low,70.5,83.32
Washington,Wet,Notable,2026-09-07,0.0,Low,58.32,83.32
Washington,Wet,Notable,2026-09-08,0.0,Low,59.64,83.32
Washington,Wet,Notable,2026-09-09,0.0,Low,61.88,83.32
Washington,Wet,Notable,2026-09-10,2.1,Low,57.84,83.32
Washington,Wet,Notable,2026-09-11,2.1,Low,66.19,83.32
Washington,Wet,Notable,2026-09-12,2.1,Low,66.27,83.32
Washington,Wet,Notable,2026-09-13,0.0,Low,64.58,83.32
Washington,Wet,Notable,2026-09-14,0.0,Low,62.84,83.32
Washington,Wet,Notable,2026-09-15,0.0,Low,63.93,83.32
Washington,Wet,Notable,2026-09-16,2.1,Low,67.2,83.32
Washington,Wet,Notable,2026-09-17,8.3,Low,70.29,83.32
Washington,Wet,Notable,2026-09-18,8.3,Low,71.47,83.32
Washington,Wet,Notable,2026-09-19,2.1,Low,69.03,83.32
Washington,Wet,Notable,2026-09-20,0.0,Low,68.84,83.32
Washington,Wet,Notable,2026-09-21,2.1,Low,68.06,83.32
Washington,Wet,Notable,2026-09-22,2.1,Low,67.55,83.32
Washington,Wet,Notable,2026-09-23,4.2,Low,69.16,83.32
Washington,Wet,Notable,2026-09-24,2.1,Low,73.61,83.32
Washington,Wet,Notable,2026-09-25,8.3,Low,71.72,83.32
Washington,Wet,Notable,2026-09-26,2.1,Low,67.4,83.32
Washington,Wet,Notable,2026-09-27,2.1,Low,68.03,83.32
Washington,Wet,Notable,2026-09-28,2.1,Low,72.38,83.32
Washington,Wet,Notable,2026-09-29,4.2,Low,72.05,83.32
Washington,Wet,Notable,2026-09-30,0.0,Low,68.24,83.32
Washington,Wet,Notable,2026-10-01,2.1,Low,65.3,83.32
Washington,Wet,Notable,2026-10-02,2.1,Low,65.44,83.32
Washington,Wet,Notable,2026-10-03,0.0,Low,62.2,83.32
Washington,Wet,Notable,2026-10-04,0.0,Low,63.14,83.32
Washington,Wet,Notable,2026-10-05,0.0,Low,63.66,83.32
Bristol,Wet,Severe,2026-09-06,0.0,Low,66.8,86.03
Bristol,Wet,Severe,2026-09-07,0.0,Low,55.96,86.03
Bristol,Wet,Severe,2026-09-08,0.0,Low,56.69,86.03
Bristol,Wet,Severe,2026-09-09,0.0,Low,59.16,86.03
Bristol,Wet,Severe,2026-09-10,0.0,Low,54.85,86.03
Bristol,Wet,Severe,2026-09-11,0.0,Low,63.08,86.03
Bristol,Wet,Severe,2026-09-12,2.1,Low,63.82,86.03
Bristol,Wet,Severe,2026-09-13,0.0,Low,62.28,86.03
Bristol,Wet,Severe,2026-09-14,0.0,Low,60.58,86.03
Bristol,Wet,Severe,2026-09-15,0.0,Low,61.15,86.03
Bristol,Wet,Severe,2026-09-16,0.0,Low,64.12,86.03
Bristol,Wet,Severe,2026-09-17,2.1,Low,68.11,86.03
Bristol,Wet,Severe,2026-09-18,6.2,Low,69.28,86.03
Bristol,Wet,Severe,2026-09-19,0.0,Low,66.56,86.03
Bristol,Wet,Severe,2026-09-20,0.0,Low,66.28,86.03
Bristol,Wet,Severe,2026-09-21,0.0,Low,65.39,86.03
Bristol,Wet,Severe,2026-09-22,0.0,Low,64.62,86.03
Bristol,Wet,Severe,2026-09-23,0.0,Low,66.25,86.03
Bristol,Wet,Severe,2026-09-24,2.1,Low,70.25,86.03
Bristol,Wet,Severe,2026-09-25,2.1,Low,68.91,86.03
Bristol,Wet,Severe,2026-09-26,0.0,Low,64.97,86.03
Bristol,Wet,Severe,2026-09-27,2.1,Low,65.3,86.03
Bristol,Wet,Severe,2026-09-28,0.0,Low,69.5,86.03
Bristol,Wet,Severe,2026-09-29,0.0,Low,69.12,86.03
Bristol,Wet,Severe,2026-09-30,0.0,Low,65.34,86.03
Bristol,Wet,Severe,2026-10-01,0.0,Low,63.21,86.03
Bristol,Wet,Severe,2026-10-02,0.0,Low,63.16,86.03
Bristol,Wet,Severe,2026-10-03,0.0,Low,60.25,86.03
Bristol,Wet,Severe,2026-10-04,0.0,Low,60.93,86.03
Bristol,Wet,Severe,2026-10-05,0.0,Low,61.62,86.03
Kent,Wet,Severe,2026-09-06,0.0,Low,67.25,84.93
Kent,Wet,Severe,2026-09-07,0.0,Low,55.52,84.93
Kent,Wet,Severe,2026-09-08,0.0,Low,56.78,84.93
Kent,Wet,Severe,2026-09-09,0.0,Low,58.71,84.93
Kent,Wet,Severe,2026-09-10,0.0,Low,55.0,84.93
Kent,Wet,Severe,2026-09-11,2.1,Low,63.53,84.93
Kent,Wet,Severe,2026-09-12,2.1,Low,63.25,84.93
Kent,Wet,Severe,2026-09-13,0.0,Low,62.03,84.93
Kent,Wet,Severe,2026-09-14,0.0,Low,60.2,84.93
Kent,Wet,Severe,2026-09-15,0.0,Low,61.05,84.93
Kent,Wet,Severe,2026-09-16,0.0,Low,64.28,84.93
Kent,Wet,Severe,2026-09-17,6.2,Low,68.23,84.93
Kent,Wet,Severe,2026-09-18,6.2,Low,69.58,84.93
Kent,Wet,Severe,2026-09-19,0.0,Low,66.49,84.93
Kent,Wet,Severe,2026-09-20,0.0,Low,66.32,84.93
Kent,Wet,Severe,2026-09-21,2.1,Low,65.15,84.93
Kent,Wet,Severe,2026-09-22,0.0,Low,64.53,84.93
Kent,Wet,Severe,2026-09-23,0.0,Low,66.38,84.93
Kent,Wet,Severe,2026-09-24,2.1,Low,70.79,84.93
Kent,Wet,Severe,2026-09-25,4.2,Low,69.26,84.93
Kent,Wet,Severe,2026-09-26,0.0,Low,65.01,84.93
Kent,Wet,Severe,2026-09-27,2.1,Low,65.38,84.93
Kent,Wet,Severe,2026-09-28,0.0,Low,69.61,84.93
Kent,Wet,Severe,2026-09-29,0.0,Low,69.46,84.93
Kent,Wet,Severe,2026-09-30,0.0,Low,65.64,84.93
Kent,Wet,Severe,2026-10-01,0.0,Low,62.99,84.93
Kent,Wet,Severe,2026-10-02,0.0,Low,63.41,84.93
Kent,Wet,Severe,2026-10-03,0.0,Low,58.92,84.93
Kent,Wet,Severe,2026-10-04,0.0,Low,59.88,84.93
Kent,Wet,Severe,2026-10-05,0.0,Low,60.26,84.93
Newport,Wet,Severe,2026-09-06,0.0,Low,69.87,88.46
Newport,Wet,Severe,2026-09-07,0.0,Low,59.03,88.46
Newport,Wet,Severe,2026-09-08,0.0,Low,59.51,88.46
Newport,Wet,Severe,2026-09-09,0.0,Low,62.34,88.46
Newport,Wet,Severe,2026-09-10,0.0,Low,57.76,88.46
Newport,Wet,Severe,2026-09-11,0.0,Low,65.79,88.46
Newport,Wet,Severe,2026-09-12,2.1,Low,66.92,88.46
Newport,Wet,Severe,2026-09-13,0.0,Low,64.83,88.46
Newport,Wet,Severe,2026-09-14,0.0,Low,63.21,88.46
Newport,Wet,Severe,2026-09-15,0.0,Low,64.02,88.46
Newport,Wet,Severe,2026-09-16,0.0,Low,67.13,88.46
Newport,Wet,Severe,2026-09-17,2.1,Low,70.21,88.46
Newport,Wet,Severe,2026-09-18,2.1,Low,71.13,88.46
Newport,Wet,Severe,2026-09-19,0.0,Low,68.86,88.46
Newport,Wet,Severe,2026-09-20,0.0,Low,68.71,88.46
Newport,Wet,Severe,2026-09-21,0.0,Low,68.16,88.46
Newport,Wet,Severe,2026-09-22,0.0,Low,67.68,88.46
Newport,Wet,Severe,2026-09-23,0.0,Low,69.1,88.46
Newport,Wet,Severe,2026-09-24,2.1,Low,73.01,88.46
Newport,Wet,Severe,2026-09-25,2.1,Low,71.41,88.46
Newport,Wet,Severe,2026-09-26,0.0,Low,67.31,88.46
Newport,Wet,Severe,2026-09-27,2.1,Low,67.99,88.46
Newport,Wet,Severe,2026-09-28,0.0,Low,72.15,88.46
Newport,Wet,Severe,2026-09-29,0.0,Low,71.87,88.46
Newport,Wet,Severe,2026-09-30,0.0,Low,68.09,88.46
Newport,Wet,Severe,2026-10-01,0.0,Low,65.62,88.46
Newport,Wet,Severe,2026-10-02,0.0,Low,65.32,88.46
Newport,Wet,Severe,2026-10-03,0.0,Low,62.98,88.46
Newport,Wet,Severe,2026-10-04,0.0,Low,63.52,88.46
Newport,Wet,Severe,2026-10-05,0.0,Low,64.41,88.46
Providence,Wet,Severe,2026-09-06,0.0,Low,67.51,85.33
Providence,Wet,Severe,2026-09-07,0.0,Low,55.67,85.33
Providence,Wet,Severe,2026-09-08,0.0,Low,56.69,85.33
Providence,Wet,Severe,2026-09-09,0.0,Low,58.37,85.33
Providence,Wet,Severe,2026-09-10,0.0,Low,54.79,85.33
Providence,Wet,Severe,2026-09-11,2.1,Low,64.05,85.33
Providence,Wet,Severe,2026-09-12,2.1,Low,63.31,85.33
Providence,Wet,Severe,2026-09-13,0.0,Low,62.51,85.33
Providence,Wet,Severe,2026-09-14,0.0,Low,60.39,85.33
Providence,Wet,Severe,2026-09-15,0.0,Low,61.03,85.33
Providence,Wet,Severe,2026-09-16,0.0,Low,64.03,85.33
Providence,Wet,Severe,2026-09-17,6.2,Low,68.85,85.33
Providence,Wet,Severe,2026-09-18,6.2,Low,69.9,85.33
Providence,Wet,Severe,2026-09-19,0.0,Low,66.46,85.33
Providence,Wet,Severe,2026-09-20,0.0,Low,65.93,85.33
Providence,Wet,Severe,2026-09-21,2.1,Low,64.6,85.33
Providence,Wet,Severe,2026-09-22,0.0,Low,63.8,85.33
Providence,Wet,Severe,2026-09-23,0.0,Low,65.84,85.33
Providence,Wet,Severe,2026-09-24,2.1,Low,70.23,85.33
Providence,Wet,Severe,2026-09-25,2.1,Low,68.58,85.33
Providence,Wet,Severe,2026-09-26,2.1,Low,64.42,85.33
Providence,Wet,Severe,2026-09-27,2.1,Low,64.58,85.33
Providence,Wet,Severe,2026-09-28,0.0,Low,68.84,85.33
Providence,Wet,Severe,2026-09-29,0.0,Low,68.94,85.33
Providence,Wet,Severe,2026-09-30,0.0,Low,65.46,85.33
Providence,Wet,Severe,2026-10-01,0.0,Low,62.45,85.33
Providence,Wet,Severe,2026-10-02,0.0,Low,62.92,85.33
Providence,Wet,Severe,2026-10-03,0.0,Low,58.25,85.33
Providence,Wet,Severe,2026-10-04,0.0,Low,59.43,85.33
Providence,Wet,Severe,2026-10-05,0.0,Low,59.58,85.33
Washington,Wet,Severe,2026-09-06,0.0,Low,70.5,86.88
Washington,Wet,Severe,2026-09-07,0.0,Low,58.32,86.88
Washington,Wet,Severe,2026-09-08,0.0,Low,59.64,86.88
Washington,Wet,Severe,2026-09-09,0.0,Low,61.88,86.88
Washington,Wet,Severe,2026-09-10,0.0,Low,57.84,86.88
Washington,Wet,Severe,2026-09-11,2.1,Low,66.19,86.88
Washington,Wet,Severe,2026-09-12,2.1,Low,66.27,86.88
Washington,Wet,Severe,2026-09-13,0.0,Low,64.58,86.88
Washington,Wet,Severe,2026-09-14,0.0,Low,62.84,86.88
Washington,Wet,Severe,2026-09-15,0.0,Low,63.93,86.88
Washington,Wet,Severe,2026-09-16,0.0,Low,67.2,86.88
Washington,Wet,Severe,2026-09-17,4.2,Low,70.29,86.88
Washington,Wet,Severe,2026-09-18,6.2,Low,71.47,86.88
Washington,Wet,Severe,2026-09-19,0.0,Low,69.03,86.88
Washington,Wet,Severe,2026-09-20,0.0,Low,68.84,86.88
Washington,Wet,Severe,2026-09-21,2.1,Low,68.06,86.88
Washington,Wet,Severe,2026-09-22,0.0,Low,67.55,86.88
Washington,Wet,Severe,2026-09-23,0.0,Low,69.16,86.88
Washington,Wet,Severe,2026-09-24,2.1,Low,73.61,86.88
Washington,Wet,Severe,2026-09-25,4.2,Low,71.72,86.88
Washington,Wet,Severe,2026-09-26,0.0,Low,67.4,86.88
Washington,Wet,Severe,2026-09-27,2.1,Low,68.03,86.88
Washington,Wet,Severe,2026-09-28,0.0,Low,72.38,86.88
Washington,Wet,Severe,2026-09-29,0.0,Low,72.05,86.88
Washington,Wet,Severe,2026-09-30,0.0,Low,68.24,86.88
Washington,Wet,Severe,2026-10-01,0.0,Low,65.3,86.88
Washington,Wet,Severe,2026-10-02,0.0,Low,65.44,86.88
Washington,Wet,Severe,2026-10-03,0.0,Low,62.2,86.88
Washington,Wet,Severe,2026-10-04,0.0,Low,63.14,86.88
Washington,Wet,Severe,2026-10-05,0.0,Low,63.66,86.88
Bristol,Windy,Extreme,2026-09-06,0.0,Low,2.56,8.71
Bristol,Windy,Extreme,2026-09-07,0.0,Low,2.44,8.71
Bristol,Windy,Extreme,2026-09-08,0.0,Low,2.72,8.71
Bristol,Windy,Extreme,2026-09-09,0.0,Low,4.27,8.71
Bristol,Windy,Extreme,2026-09-10,0.0,Low,5.34,8.71
Bristol,Windy,Extreme,2026-09-11,0.0,Low,3.18,8.71
Bristol,Windy,Extreme,2026-09-12,0.0,Low,2.91,8.71
Bristol,Windy,Extreme,2026-09-13,0.0,Low,3.06,8.71
Bristol,Windy,Extreme,2026-09-14,0.0,Low,3.22,8.71
Bristol,Windy,Extreme,2026-09-15,0.0,Low,3.18,8.71
Bristol,Windy,Extreme,2026-09-16,0.0,Low,3.52,8.71
Bristol,Windy,Extreme,2026-09-17,0.0,Low,3.5,8.71
Bristol,Windy,Extreme,2026-09-18,0.0,Low,3.63,8.71
Bristol,Windy,Extreme,2026-09-19,0.0,Low,3.52,8.71
Bristol,Windy,Extreme,2026-09-20,0.0,Low,3.37,8.71
Bristol,Windy,Extreme,2026-09-21,0.0,Low,3.6,8.71
Bristol,Windy,Extreme,2026-09-22,0.0,Low,3.66,8.71
Bristol,Windy,Extreme,2026-09-23,0.0,Low,3.53,8.71
Bristol,Windy,Extreme,2026-09-24,0.0,Low,3.7,8.71
Bristol,Windy,Extreme,2026-09-25,0.0,Low,3.51,8.71
Bristol,Windy,Extreme,2026-09-26,0.0,Low,3.52,8.71
Bristol,Windy,Extreme,2026-09-27,0.0,Low,3.45,8.71
Bristol,Windy,Extreme,2026-09-28,0.0,Low,3.39,8.71
Bristol,Windy,Extreme,2026-09-29,0.0,Low,3.54,8.71
Bristol,Windy,Extreme,2026-09-30,0.0,Low,3.65,8.71
Bristol,Windy,Extreme,2026-10-01,0.0,Low,3.72,8.71
Bristol,Windy,Extreme,2026-10-02,0.0,Low,3.51,8.71
Bristol,Windy,Extreme,2026-10-03,2.1,Low,3.14,8.71
Bristol,Windy,Extreme,2026-10-04,0.0,Low,3.48,8.71
Bristol,Windy,Extreme,2026-10-05,0.0,Low,3.64,8.71
Kent,Windy,Extreme,2026-09-06,0.0,Low,2.19,8.07
Kent,Windy,Extreme,2026-09-07,0.0,Low,2.19,8.07
Kent,Windy,Extreme,2026-09-08,0.0,Low,2.49,8.07
Kent,Windy,Extreme,2026-09-09,0.0,Low,3.95,8.07
Kent,Windy,Extreme,2026-09-10,0.0,Low,4.83,8.07
Kent,Windy,Extreme,2026-09-11,0.0,Low,2.87,8.07
Kent,Windy,Extreme,2026-09-12,0.0,Low,2.68,8.07
Kent,Windy,Extreme,2026-09-13,0.0,Low,2.77,8.07
Kent,Windy,Extreme,2026-09-14,0.0,Low,2.93,8.07
Kent,Windy,Extreme,2026-09-15,0.0,Low,2.89,8.07
Kent,Windy,Extreme,2026-09-16,0.0,Low,3.17,8.07
Kent,Windy,Extreme,2026-09-17,0.0,Low,3.17,8.07
Kent,Windy,Extreme,2026-09-18,0.0,Low,3.32,8.07
Kent,Windy,Extreme,2026-09-19,0.0,Low,3.18,8.07
Kent,Windy,Extreme,2026-09-20,0.0,Low,3.05,8.07
Kent,Windy,Extreme,2026-09-21,0.0,Low,3.27,8.07
Kent,Windy,Extreme,2026-09-22,0.0,Low,3.32,8.07
Kent,Windy,Extreme,2026-09-23,0.0,Low,3.2,8.07
Kent,Windy,Extreme,2026-09-24,0.0,Low,3.36,8.07
Kent,Windy,Extreme,2026-09-25,0.0,Low,3.18,8.07
Kent,Windy,Extreme,2026-09-26,0.0,Low,3.19,8.07
Kent,Windy,Extreme,2026-09-27,0.0,Low,3.13,8.07
Kent,Windy,Extreme,2026-09-28,0.0,Low,3.08,8.07
Kent,Windy,Extreme,2026-09-29,0.0,Low,3.24,8.07
Kent,Windy,Extreme,2026-09-30,0.0,Low,3.33,8.07
Kent,Windy,Extreme,2026-10-01,0.0,Low,3.38,8.07
Kent,Windy,Extreme,2026-10-02,0.0,Low,3.2,8.07
Kent,Windy,Extreme,2026-10-03,0.0,Low,2.88,8.07
Kent,Windy,Extreme,2026-10-04,0.0,Low,3.17,8.07
Kent,Windy,Extreme,2026-10-05,0.0,Low,3.3,8.07
Newport,Windy,Extreme,2026-09-06,0.0,Low,2.77,9.43
Newport,Windy,Extreme,2026-09-07,0.0,Low,2.53,9.43
Newport,Windy,Extreme,2026-09-08,0.0,Low,2.93,9.43
Newport,Windy,Extreme,2026-09-09,0.0,Low,4.48,9.43
Newport,Windy,Extreme,2026-09-10,0.0,Low,5.57,9.43
Newport,Windy,Extreme,2026-09-11,0.0,Low,3.38,9.43
Newport,Windy,Extreme,2026-09-12,0.0,Low,3.05,9.43
Newport,Windy,Extreme,2026-09-13,0.0,Low,3.18,9.43
Newport,Windy,Extreme,2026-09-14,0.0,Low,3.35,9.43
Newport,Windy,Extreme,2026-09-15,0.0,Low,3.34,9.43
Newport,Windy,Extreme,2026-09-16,0.0,Low,3.71,9.43
Newport,Windy,Extreme,2026-09-17,0.0,Low,3.66,9.43
Newport,Windy,Extreme,2026-09-18,0.0,Low,3.82,9.43
Newport,Windy,Extreme,2026-09-19,0.0,Low,3.73,9.43
Newport,Windy,Extreme,2026-09-20,0.0,Low,3.55,9.43
Newport,Windy,Extreme,2026-09-21,0.0,Low,3.78,9.43
Newport,Windy,Extreme,2026-09-22,0.0,Low,3.84,9.43
Newport,Windy,Extreme,2026-09-23,0.0,Low,3.7,9.43
Newport,Windy,Extreme,2026-09-24,0.0,Low,3.9,9.43
Newport,Windy,Extreme,2026-09-25,0.0,Low,3.69,9.43
Newport,Windy,Extreme,2026-09-26,0.0,Low,3.71,9.43
Newport,Windy,Extreme,2026-09-27,0.0,Low,3.63,9.43
Newport,Windy,Extreme,2026-09-28,0.0,Low,3.59,9.43
Newport,Windy,Extreme,2026-09-29,0.0,Low,3.77,9.43
Newport,Windy,Extreme,2026-09-30,0.0,Low,3.85,9.43
Newport,Windy,Extreme,2026-10-01,0.0,Low,3.9,9.43
Newport,Windy,Extreme,2026-10-02,0.0,Low,3.66,9.43
Newport,Windy,Extreme,2026-10-03,0.0,Low,3.29,9.43
Newport,Windy,Extreme,2026-10-04,0.0,Low,3.63,9.43
Newport,Windy,Extreme,2026-10-05,0.0,Low,3.82,9.43
Providence,Windy,Extreme,2026-09-06,0.0,Low,2.0,7.34
Providence,Windy,Extreme,2026-09-07,0.0,Low,2.08,7.34
Providence,Windy,Extreme,2026-09-08,0.0,Low,2.24,7.34
Providence,Windy,Extreme,2026-09-09,0.0,Low,3.68,7.34
Providence,Windy,Extreme,2026-09-10,0.0,Low,4.55,7.34
Providence,Windy,Extreme,2026-09-11,0.0,Low,2.64,7.34
Providence,Windy,Extreme,2026-09-12,0.0,Low,2.52,7.34
Providence,Windy,Extreme,2026-09-13,0.0,Low,2.62,7.34
Providence,Windy,Extreme,2026-09-14,0.0,Low,2.76,7.34
Providence,Windy,Extreme,2026-09-15,0.0,Low,2.7,7.34
Providence,Windy,Extreme,2026-09-16,0.0,Low,2.95,7.34
Providence,Windy,Extreme,2026-09-17,0.0,Low,2.97,7.34
Providence,Windy,Extreme,2026-09-18,0.0,Low,3.08,7.34
Providence,Windy,Extreme,2026-09-19,0.0,Low,2.94,7.34
Providence,Windy,Extreme,2026-09-20,0.0,Low,2.83,7.34
Providence,Windy,Extreme,2026-09-21,0.0,Low,3.05,7.34
Providence,Windy,Extreme,2026-09-22,0.0,Low,3.1,7.34
Providence,Windy,Extreme,2026-09-23,0.0,Low,2.99,7.34
Providence,Windy,Extreme,2026-09-24,0.0,Low,3.12,7.34
Providence,Windy,Extreme,2026-09-25,0.0,Low,2.97,7.34
Providence,Windy,Extreme,2026-09-26,0.0,Low,2.97,7.34
Providence,Windy,Extreme,2026-09-27,0.0,Low,2.91,7.34
Providence,Windy,Extreme,2026-09-28,0.0,Low,2.84,7.34
Providence,Windy,Extreme,2026-09-29,0.0,Low,2.96,7.34
Providence,Windy,Extreme,2026-09-30,0.0,Low,3.09,7.34
Providence,Windy,Extreme,2026-10-01,0.0,Low,3.16,7.34
Providence,Windy,Extreme,2026-10-02,4.2,Low,3.0,7.34
Providence,Windy,Extreme,2026-10-03,0.0,Low,2.69,7.34
Providence,Windy,Extreme,2026-10-04,0.0,Low,2.98,7.34
Providence,Windy,Extreme,2026-10-05,0.0,Low,3.08,7.34
Washington,Windy,Extreme,2026-09-06,0.0,Low,2.31,8.55
Washington,Windy,Extreme,2026-09-07,0.0,Low,2.21,8.55
Washington,Windy,Extreme,2026-09-08,0.0,Low,2.67,8.55
Washington,Windy,Extreme,2026-09-09,0.0,Low,4.09,8.55
Washington,Windy,Extreme,2026-09-10,0.0,Low,4.92,8.55
Washington,Windy,Extreme,2026-09-11,0.0,Low,2.99,8.55
Washington,Windy,Extreme,2026-09-12,0.0,Low,2.76,8.55
Washington,Windy,Extreme,2026-09-13,0.0,Low,2.82,8.55
Washington,Windy,Extreme,2026-09-14,0.0,Low,2.99,8.55
Washington,Windy,Extreme,2026-09-15,0.0,Low,2.98,8.55
Washington,Windy,Extreme,2026-09-16,0.0,Low,3.28,8.55
Washington,Windy,Extreme,2026-09-17,0.0,Low,3.26,8.55
Washington,Windy,Extreme,2026-09-18,0.0,Low,3.43,8.55
Washington,Windy,Extreme,2026-09-19,0.0,Low,3.31,8.55
Washington,Windy,Extreme,2026-09-20,0.0,Low,3.15,8.55
Washington,Windy,Extreme,2026-09-21,0.0,Low,3.36,8.55
Washington,Windy,Extreme,2026-09-22,0.0,Low,3.41,8.55
Washington,Windy,Extreme,2026-09-23,0.0,Low,3.3,8.55
Washington,Windy,Extreme,2026-09-24,0.0,Low,3.49,8.55
Washington,Windy,Extreme,2026-09-25,0.0,Low,3.28,8.55
Washington,Windy,Extreme,2026-09-26,0.0,Low,3.3,8.55
Washington,Windy,Extreme,2026-09-27,0.0,Low,3.23,8.55
Washington,Windy,Extreme,2026-09-28,0.0,Low,3.21,8.55
Washington,Windy,Extreme,2026-09-29,0.0,Low,3.4,8.55
Washington,Windy,Extreme,2026-09-30,0.0,Low,3.45,8.55
Washington,Windy,Extreme,2026-10-01,0.0,Low,3.47,8.55
Washington,Windy,Extreme,2026-10-02,0.0,Low,3.27,8.55
Washington,Windy,Extreme,2026-10-03,0.0,Low,2.97,8.55
Washington,Windy,Extreme,2026-10-04,0.0,Low,3.24,8.55
Washington,Windy,Extreme,2026-10-05,0.0,Low,3.39,8.55
Bristol,Windy,Notable,2026-09-06,0.0,Low,2.56,6.99
Bristol,Windy,Notable,2026-09-07,0.0,Low,2.44,6.99
Bristol,Windy,Notable,2026-09-08,0.0,Low,2.72,6.99
Bristol,Windy,Notable,2026-09-09,0.0,Low,4.27,6.99
Bristol,Windy,Notable,2026-09-10,2.1,Low,5.34,6.99
Bristol,Windy,Notable,2026-09-11,0.0,Low,3.18,6.99
Bristol,Windy,Notable,2026-09-12,2.1,Low,2.91,6.99
Bristol,Windy,Notable,2026-09-13,0.0,Low,3.06,6.99
Bristol,Windy,Notable,2026-09-14,0.0,Low,3.22,6.99
Bristol,Windy,Notable,2026-09-15,0.0,Low,3.18,6.99
Bristol,Windy,Notable,2026-09-16,0.0,Low,3.52,6.99
Bristol,Windy,Notable,2026-09-17,0.0,Low,3.5,6.99
Bristol,Windy,Notable,2026-09-18,0.0,Low,3.63,6.99
Bristol,Windy,Notable,2026-09-19,0.0,Low,3.52,6.99
Bristol,Windy,Notable,2026-09-20,0.0,Low,3.37,6.99
Bristol,Windy,Notable,2026-09-21,2.1,Low,3.6,6.99
Bristol,Windy,Notable,2026-09-22,0.0,Low,3.66,6.99
Bristol,Windy,Notable,2026-09-23,2.1,Low,3.53,6.99
Bristol,Windy,Notable,2026-09-24,2.1,Low,3.7,6.99
Bristol,Windy,Notable,2026-09-25,2.1,Low,3.51,6.99
Bristol,Windy,Notable,2026-09-26,2.1,Low,3.52,6.99
Bristol,Windy,Notable,2026-09-27,0.0,Low,3.45,6.99
Bristol,Windy,Notable,2026-09-28,0.0,Low,3.39,6.99
Bristol,Windy,Notable,2026-09-29,2.1,Low,3.54,6.99
Bristol,Windy,Notable,2026-09-30,0.0,Low,3.65,6.99
Bristol,Windy,Notable,2026-10-01,4.2,Low,3.72,6.99
Bristol,Windy,Notable,2026-10-02,6.2,Low,3.51,6.99
Bristol,Windy,Notable,2026-10-03,2.1,Low,3.14,6.99
Bristol,Windy,Notable,2026-10-04,0.0,Low,3.48,6.99
Bristol,Windy,Notable,2026-10-05,0.0,Low,3.64,6.99
Kent,Windy,Notable,2026-09-06,0.0,Low,2.19,6.4
Kent,Windy,Notable,2026-09-07,0.0,Low,2.19,6.4
Kent,Windy,Notable,2026-09-08,0.0,Low,2.49,6.4
Kent,Windy,Notable,2026-09-09,0.0,Low,3.95,6.4
Kent,Windy,Notable,2026-09-10,2.1,Low,4.83,6.4
Kent,Windy,Notable,2026-09-11,0.0,Low,2.87,6.4
Kent,Windy,Notable,2026-09-12,2.1,Low,2.68,6.4
Kent,Windy,Notable,2026-09-13,0.0,Low,2.77,6.4
Kent,Windy,Notable,2026-09-14,0.0,Low,2.93,6.4
Kent,Windy,Notable,2026-09-15,0.0,Low,2.89,6.4
Kent,Windy,Notable,2026-09-16,0.0,Low,3.17,6.4
Kent,Windy,Notable,2026-09-17,0.0,Low,3.17,6.4
Kent,Windy,Notable,2026-09-18,0.0,Low,3.32,6.4
Kent,Windy,Notable,2026-09-19,0.0,Low,3.18,6.4
Kent,Windy,Notable,2026-09-20,0.0,Low,3.05,6.4
Kent,Windy,Notable,2026-09-21,0.0,Low,3.27,6.4
Kent,Windy,Notable,2026-09-22,0.0,Low,3.32,6.4
Kent,Windy,Notable,2026-09-23,2.1,Low,3.2,6.4
Kent,Windy,Notable,2026-09-24,2.1,Low,3.36,6.4
Kent,Windy,Notable,2026-09-25,2.1,Low,3.18,6.4
Kent,Windy,Notable,2026-09-26,2.1,Low,3.19,6.4
Kent,Windy,Notable,2026-09-27,0.0,Low,3.13,6.4
Kent,Windy,Notable,2026-09-28,0.0,Low,3.08,6.4
Kent,Windy,Notable,2026-09-29,0.0,Low,3.24,6.4
Kent,Windy,Notable,2026-09-30,0.0,Low,3.33,6.4
Kent,Windy,Notable,2026-10-01,4.2,Low,3.38,6.4
Kent,Windy,Notable,2026-10-02,6.2,Low,3.2,6.4
Kent,Windy,Notable,2026-10-03,2.1,Low,2.88,6.4
Kent,Windy,Notable,2026-10-04,0.0,Low,3.17,6.4
Kent,Windy,Notable,2026-10-05,0.0,Low,3.3,6.4
Newport,Windy,Notable,2026-09-06,0.0,Low,2.77,7.6
Newport,Windy,Notable,2026-09-07,0.0,Low,2.53,7.6
Newport,Windy,Notable,2026-09-08,0.0,Low,2.93,7.6
Newport,Windy,Notable,2026-09-09,0.0,Low,4.48,7.6
Newport,Windy,Notable,2026-09-10,0.0,Low,5.57,7.6
Newport,Windy,Notable,2026-09-11,0.0,Low,3.38,7.6
Newport,Windy,Notable,2026-09-12,2.1,Low,3.05,7.6
Newport,Windy,Notable,2026-09-13,0.0,Low,3.18,7.6
Newport,Windy,Notable,2026-09-14,0.0,Low,3.35,7.6
Newport,Windy,Notable,2026-09-15,0.0,Low,3.34,7.6
Newport,Windy,Notable,2026-09-16,0.0,Low,3.71,7.6
Newport,Windy,Notable,2026-09-17,0.0,Low,3.66,7.6
Newport,Windy,Notable,2026-09-18,0.0,Low,3.82,7.6
Newport,Windy,Notable,2026-09-19,0.0,Low,3.73,7.6
Newport,Windy,Notable,2026-09-20,0.0,Low,3.55,7.6
Newport,Windy,Notable,2026-09-21,2.1,Low,3.78,7.6
Newport,Windy,Notable,2026-09-22,0.0,Low,3.84,7.6
Newport,Windy,Notable,2026-09-23,2.1,Low,3.7,7.6
Newport,Windy,Notable,2026-09-24,2.1,Low,3.9,7.6
Newport,Windy,Notable,2026-09-25,0.0,Low,3.69,7.6
Newport,Windy,Notable,2026-09-26,2.1,Low,3.71,7.6
Newport,Windy,Notable,2026-09-27,0.0,Low,3.63,7.6
Newport,Windy,Notable,2026-09-28,0.0,Low,3.59,7.6
Newport,Windy,Notable,2026-09-29,2.1,Low,3.77,7.6
Newport,Windy,Notable,2026-09-30,0.0,Low,3.85,7.6
Newport,Windy,Notable,2026-10-01,2.1,Low,3.9,7.6
Newport,Windy,Notable,2026-10-02,4.2,Low,3.66,7.6
Newport,Windy,Notable,2026-10-03,2.1,Low,3.29,7.6
Newport,Windy,Notable,2026-10-04,0.0,Low,3.63,7.6
Newport,Windy,Notable,2026-10-05,0.0,Low,3.82,7.6
Providence,Windy,Notable,2026-09-06,0.0,Low,2.0,5.88
Providence,Windy,Notable,2026-09-07,0.0,Low,2.08,5.88
Providence,Windy,Notable,2026-09-08,0.0,Low,2.24,5.88
Providence,Windy,Notable,2026-09-09,0.0,Low,3.68,5.88
Providence,Windy,Notable,2026-09-10,2.1,Low,4.55,5.88
Providence,Windy,Notable,2026-09-11,0.0,Low,2.64,5.88
Providence,Windy,Notable,2026-09-12,2.1,Low,2.52,5.88
Providence,Windy,Notable,2026-09-13,0.0,Low,2.62,5.88
Providence,Windy,Notable,2026-09-14,0.0,Low,2.76,5.88
Providence,Windy,Notable,2026-09-15,0.0,Low,2.7,5.88
Providence,Windy,Notable,2026-09-16,0.0,Low,2.95,5.88
Providence,Windy,Notable,2026-09-17,2.1,Low,2.97,5.88
Providence,Windy,Notable,2026-09-18,0.0,Low,3.08,5.88
Providence,Windy,Notable,2026-09-19,0.0,Low,2.94,5.88
Providence,Windy,Notable,2026-09-20,0.0,Low,2.83,5.88
Providence,Windy,Notable,2026-09-21,2.1,Low,3.05,5.88
Providence,Windy,Notable,2026-09-22,2.1,Low,3.1,5.88
Providence,Windy,Notable,2026-09-23,2.1,Low,2.99,5.88
Providence,Windy,Notable,2026-09-24,0.0,Low,3.12,5.88
Providence,Windy,Notable,2026-09-25,2.1,Low,2.97,5.88
Providence,Windy,Notable,2026-09-26,2.1,Low,2.97,5.88
Providence,Windy,Notable,2026-09-27,0.0,Low,2.91,5.88
Providence,Windy,Notable,2026-09-28,0.0,Low,2.84,5.88
Providence,Windy,Notable,2026-09-29,2.1,Low,2.96,5.88
Providence,Windy,Notable,2026-09-30,0.0,Low,3.09,5.88
Providence,Windy,Notable,2026-10-01,6.2,Low,3.16,5.88
Providence,Windy,Notable,2026-10-02,6.2,Low,3.0,5.88
Providence,Windy,Notable,2026-10-03,2.1,Low,2.69,5.88
Providence,Windy,Notable,2026-10-04,0.0,Low,2.98,5.88
Providence,Windy,Notable,2026-10-05,0.0,Low,3.08,5.88
Washington,Windy,Notable,2026-09-06,0.0,Low,2.31,6.82
Washington,Windy,Notable,2026-09-07,0.0,Low,2.21,6.82
Washington,Windy,Notable,2026-09-08,0.0,Low,2.67,6.82
Washington,Windy,Notable,2026-09-09,0.0,Low,4.09,6.82
Washington,Windy,Notable,2026-09-10,0.0,Low,4.92,6.82
Washington,Windy,Notable,2026-09-11,0.0,Low,2.99,6.82
Washington,Windy,Notable,2026-09-12,2.1,Low,2.76,6.82
Washington,Windy,Notable,2026-09-13,0.0,Low,2.82,6.82
Washington,Windy,Notable,2026-09-14,0.0,Low,2.99,6.82
Washington,Windy,Notable,2026-09-15,0.0,Low,2.98,6.82
Washington,Windy,Notable,2026-09-16,0.0,Low,3.28,6.82
Washington,Windy,Notable,2026-09-17,0.0,Low,3.26,6.82
Washington,Windy,Notable,2026-09-18,0.0,Low,3.43,6.82
Washington,Windy,Notable,2026-09-19,0.0,Low,3.31,6.82
Washington,Windy,Notable,2026-09-20,0.0,Low,3.15,6.82
Washington,Windy,Notable,2026-09-21,0.0,Low,3.36,6.82
Washington,Windy,Notable,2026-09-22,0.0,Low,3.41,6.82
Washington,Windy,Notable,2026-09-23,2.1,Low,3.3,6.82
Washington,Windy,Notable,2026-09-24,0.0,Low,3.49,6.82
Washington,Windy,Notable,2026-09-25,2.1,Low,3.28,6.82
Washington,Windy,Notable,2026-09-26,2.1,Low,3.3,6.82
Washington,Windy,Notable,2026-09-27,0.0,Low,3.23,6.82
Washington,Windy,Notable,2026-09-28,0.0,Low,3.21,6.82
Washington,Windy,Notable,2026-09-29,2.1,Low,3.4,6.82
Washington,Windy,Notable,2026-09-30,0.0,Low,3.45,6.82
Washington,Windy,Notable,2026-10-01,2.1,Low,3.47,6.82
Washington,Windy,Notable,2026-10-02,4.2,Low,3.27,6.82
Washington,Windy,Notable,2026-10-03,2.1,Low,2.97,6.82
Washington,Windy,Notable,2026-10-04,0.0,Low,3.24,6.82
Washington,Windy,Notable,2026-10-05,0.0,Low,3.39,6.82
Bristol,Windy,Severe,2026-09-06,0.0,Low,2.56,7.78
Bristol,Windy,Severe,2026-09-07,0.0,Low,2.44,7.78
Bristol,Windy,Severe,2026-09-08,0.0,Low,2.72,7.78
Bristol,Windy,Severe,2026-09-09,0.0,Low,4.27,7.78
Bristol,Windy,Severe,2026-09-10,0.0,Low,5.34,7.78
Bristol,Windy,Severe,2026-09-11,0.0,Low,3.18,7.78
Bristol,Windy,Severe,2026-09-12,2.1,Low,2.91,7.78
Bristol,Windy,Severe,2026-09-13,0.0,Low,3.06,7.78
Bristol,Windy,Severe,2026-09-14,0.0,Low,3.22,7.78
Bristol,Windy,Severe,2026-09-15,0.0,Low,3.18,7.78
Bristol,Windy,Severe,2026-09-16,0.0,Low,3.52,7.78
Bristol,Windy,Severe,2026-09-17,0.0,Low,3.5,7.78
Bristol,Windy,Severe,2026-09-18,0.0,Low,3.63,7.78
Bristol,Windy,Severe,2026-09-19,0.0,Low,3.52,7.78
Bristol,Windy,Severe,2026-09-20,0.0,Low,3.37,7.78
Bristol,Windy,Severe,2026-09-21,0.0,Low,3.6,7.78
Bristol,Windy,Severe,2026-09-22,0.0,Low,3.66,7.78
Bristol,Windy,Severe,2026-09-23,2.1,Low,3.53,7.78
Bristol,Windy,Severe,2026-09-24,0.0,Low,3.7,7.78
Bristol,Windy,Severe,2026-09-25,0.0,Low,3.51,7.78
Bristol,Windy,Severe,2026-09-26,2.1,Low,3.52,7.78
Bristol,Windy,Severe,2026-09-27,0.0,Low,3.45,7.78
Bristol,Windy,Severe,2026-09-28,0.0,Low,3.39,7.78
Bristol,Windy,Severe,2026-09-29,0.0,Low,3.54,7.78
Bristol,Windy,Severe,2026-09-30,0.0,Low,3.65,7.78
Bristol,Windy,Severe,2026-10-01,0.0,Low,3.72,7.78
Bristol,Windy,Severe,2026-10-02,4.2,Low,3.51,7.78
Bristol,Windy,Severe,2026-10-03,2.1,Low,3.14,7.78
Bristol,Windy,Severe,2026-10-04,0.0,Low,3.48,7.78
Bristol,Windy,Severe,2026-10-05,0.0,Low,3.64,7.78
Kent,Windy,Severe,2026-09-06,0.0,Low,2.19,7.14
Kent,Windy,Severe,2026-09-07,0.0,Low,2.19,7.14
Kent,Windy,Severe,2026-09-08,0.0,Low,2.49,7.14
Kent,Windy,Severe,2026-09-09,0.0,Low,3.95,7.14
Kent,Windy,Severe,2026-09-10,0.0,Low,4.83,7.14
Kent,Windy,Severe,2026-09-11,0.0,Low,2.87,7.14
Kent,Windy,Severe,2026-09-12,2.1,Low,2.68,7.14
Kent,Windy,Severe,2026-09-13,0.0,Low,2.77,7.14
Kent,Windy,Severe,2026-09-14,0.0,Low,2.93,7.14
Kent,Windy,Severe,2026-09-15,0.0,Low,2.89,7.14
Kent,Windy,Severe,2026-09-16,0.0,Low,3.17,7.14
Kent,Windy,Severe,2026-09-17,0.0,Low,3.17,7.14
Kent,Windy,Severe,2026-09-18,0.0,Low,3.32,7.14
Kent,Windy,Severe,2026-09-19,0.0,Low,3.18,7.14
Kent,Windy,Severe,2026-09-20,0.0,Low,3.05,7.14
Kent,Windy,Severe,2026-09-21,0.0,Low,3.27,7.14
Kent,Windy,Severe,2026-09-22,0.0,Low,3.32,7.14
Kent,Windy,Severe,2026-09-23,2.1,Low,3.2,7.14
Kent,Windy,Severe,2026-09-24,0.0,Low,3.36,7.14
Kent,Windy,Severe,2026-09-25,0.0,Low,3.18,7.14
Kent,Windy,Severe,2026-09-26,2.1,Low,3.19,7.14
Kent,Windy,Severe,2026-09-27,0.0,Low,3.13,7.14
Kent,Windy,Severe,2026-09-28,0.0,Low,3.08,7.14
Kent,Windy,Severe,2026-09-29,0.0,Low,3.24,7.14
Kent,Windy,Severe,2026-09-30,0.0,Low,3.33,7.14
Kent,Windy,Severe,2026-10-01,0.0,Low,3.38,7.14
Kent,Windy,Severe,2026-10-02,4.2,Low,3.2,7.14
Kent,Windy,Severe,2026-10-03,2.1,Low,2.88,7.14
Kent,Windy,Severe,2026-10-04,0.0,Low,3.17,7.14
Kent,Windy,Severe,2026-10-05,0.0,Low,3.3,7.14
Newport,Windy,Severe,2026-09-06,0.0,Low,2.77,8.4
Newport,Windy,Severe,2026-09-07,0.0,Low,2.53,8.4
Newport,Windy,Severe,2026-09-08,0.0,Low,2.93,8.4
Newport,Windy,Severe,2026-09-09,0.0,Low,4.48,8.4
Newport,Windy,Severe,2026-09-10,0.0,Low,5.57,8.4
Newport,Windy,Severe,2026-09-11,0.0,Low,3.38,8.4
Newport,Windy,Severe,2026-09-12,0.0,Low,3.05,8.4
Newport,Windy,Severe,2026-09-13,0.0,Low,3.18,8.4
Newport,Windy,Severe,2026-09-14,0.0,Low,3.35,8.4
Newport,Windy,Severe,2026-09-15,0.0,Low,3.34,8.4
Newport,Windy,Severe,2026-09-16,0.0,Low,3.71,8.4
Newport,Windy,Severe,2026-09-17,0.0,Low,3.66,8.4
Newport,Windy,Severe,2026-09-18,0.0,Low,3.82,8.4
Newport,Windy,Severe,2026-09-19,0.0,Low,3.73,8.4
Newport,Windy,Severe,2026-09-20,0.0,Low,3.55,8.4
Newport,Windy,Severe,2026-09-21,0.0,Low,3.78,8.4
Newport,Windy,Severe,2026-09-22,0.0,Low,3.84,8.4
Newport,Windy,Severe,2026-09-23,2.1,Low,3.7,8.4
Newport,Windy,Severe,2026-09-24,0.0,Low,3.9,8.4
Newport,Windy,Severe,2026-09-25,0.0,Low,3.69,8.4
Newport,Windy,Severe,2026-09-26,2.1,Low,3.71,8.4
Newport,Windy,Severe,2026-09-27,0.0,Low,3.63,8.4
Newport,Windy,Severe,2026-09-28,0.0,Low,3.59,8.4
Newport,Windy,Severe,2026-09-29,0.0,Low,3.77,8.4
Newport,Windy,Severe,2026-09-30,0.0,Low,3.85,8.4
Newport,Windy,Severe,2026-10-01,0.0,Low,3.9,8.4
Newport,Windy,Severe,2026-10-02,2.1,Low,3.66,8.4
Newport,Windy,Severe,2026-10-03,2.1,Low,3.29,8.4
Newport,Windy,Severe,2026-10-04,0.0,Low,3.63,8.4
Newport,Windy,Severe,2026-10-05,0.0,Low,3.82,8.4
Providence,Windy,Severe,2026-09-06,0.0,Low,2.0,6.51
Providence,Windy,Severe,2026-09-07,0.0,Low,2.08,6.51
Providence,Windy,Severe,2026-09-08,0.0,Low,2.24,6.51
Providence,Windy,Severe,2026-09-09,0.0,Low,3.68,6.51
Providence,Windy,Severe,2026-09-10,0.0,Low,4.55,6.51
Providence,Windy,Severe,2026-09-11,0.0,Low,2.64,6.51
Providence,Windy,Severe,2026-09-12,2.1,Low,2.52,6.51
Providence,Windy,Severe,2026-09-13,0.0,Low,2.62,6.51
Providence,Windy,Severe,2026-09-14,0.0,Low,2.76,6.51
Providence,Windy,Severe,2026-09-15,0.0,Low,2.7,6.51
Providence,Windy,Severe,2026-09-16,0.0,Low,2.95,6.51
Providence,Windy,Severe,2026-09-17,0.0,Low,2.97,6.51
Providence,Windy,Severe,2026-09-18,0.0,Low,3.08,6.51
Providence,Windy,Severe,2026-09-19,0.0,Low,2.94,6.51
Providence,Windy,Severe,2026-09-20,0.0,Low,2.83,6.51
Providence,Windy,Severe,2026-09-21,0.0,Low,3.05,6.51
Providence,Windy,Severe,2026-09-22,0.0,Low,3.1,6.51
Providence,Windy,Severe,2026-09-23,2.1,Low,2.99,6.51
Providence,Windy,Severe,2026-09-24,0.0,Low,3.12,6.51
Providence,Windy,Severe,2026-09-25,0.0,Low,2.97,6.51
Providence,Windy,Severe,2026-09-26,2.1,Low,2.97,6.51
Providence,Windy,Severe,2026-09-27,0.0,Low,2.91,6.51
Providence,Windy,Severe,2026-09-28,0.0,Low,2.84,6.51
Providence,Windy,Severe,2026-09-29,0.0,Low,2.96,6.51
Providence,Windy,Severe,2026-09-30,0.0,Low,3.09,6.51
Providence,Windy,Severe,2026-10-01,2.1,Low,3.16,6.51
Providence,Windy,Severe,2026-10-02,4.2,Low,3.0,6.51
Providence,Windy,Severe,2026-10-03,2.1,Low,2.69,6.51
Providence,Windy,Severe,2026-10-04,0.0,Low,2.98,6.51
Providence,Windy,Severe,2026-10-05,0.0,Low,3.08,6.51
Washington,Windy,Severe,2026-09-06,0.0,Low,2.31,7.57
Washington,Windy,Severe,2026-09-07,0.0,Low,2.21,7.57
Washington,Windy,Severe,2026-09-08,0.0,Low,2.67,7.57
Washington,Windy,Severe,2026-09-09,0.0,Low,4.09,7.57
Washington,Windy,Severe,2026-09-10,0.0,Low,4.92,7.57
Washington,Windy,Severe,2026-09-11,0.0,Low,2.99,7.57
Washington,Windy,Severe,2026-09-12,0.0,Low,2.76,7.57
Washington,Windy,Severe,2026-09-13,0.0,Low,2.82,7.57
Washington,Windy,Severe,2026-09-14,0.0,Low,2.99,7.57
Washington,Windy,Severe,2026-09-15,0.0,Low,2.98,7.57
Washington,Windy,Severe,2026-09-16,0.0,Low,3.28,7.57
Washington,Windy,Severe,2026-09-17,0.0,Low,3.26,7.57
Washington,Windy,Severe,2026-09-18,0.0,Low,3.43,7.57
Washington,Windy,Severe,2026-09-19,0.0,Low,3.31,7.57
Washington,Windy,Severe,2026-09-20,0.0,Low,3.15,7.57
Washington,Windy,Severe,2026-09-21,0.0,Low,3.36,7.57
Washington,Windy,Severe,2026-09-22,0.0,Low,3.41,7.57
Washington,Windy,Severe,2026-09-23,0.0,Low,3.3,7.57
Washington,Windy,Severe,2026-09-24,0.0,Low,3.49,7.57
Washington,Windy,Severe,2026-09-25,0.0,Low,3.28,7.57
Washington,Windy,Severe,2026-09-26,0.0,Low,3.3,7.57
Washington,Windy,Severe,2026-09-27,0.0,Low,3.23,7.57
Washington,Windy,Severe,2026-09-28,0.0,Low,3.21,7.57
Washington,Windy,Severe,2026-09-29,0.0,Low,3.4,7.57
Washington,Windy,Severe,2026-09-30,0.0,Low,3.45,7.57
Washington,Windy,Severe,2026-10-01,0.0,Low,3.47,7.57
Washington,Windy,Severe,2026-10-02,4.2,Low,3.27,7.57
Washington,Windy,Severe,2026-10-03,2.1,Low,2.97,7.57
Washington,Windy,Severe,2026-10-04,0.0,Low,3.24,7.57
Washington,Windy,Severe,2026-10-05,0.0,Low,3.39,7.57
